rank,h_m,r_m,rel_az_deg,cam_c_h_m,score,valid,flag_reason,pareto,pose_fidelity,absolute_placement,stability,mpjpe_aligned_mm,mpjpe_mm,registration_offset_mm,id_drops,jitter_variance,joint_visibility_both,convergence_angle_deg,convergence_ab_deg,convergence_ac_deg,convergence_bc_deg,tilt_deg,n_subjects
1,3.5,4.5,180.0,5.0,0.8928397986417247,True,ok,True,0.8202270848044297,0.9672027097689769,0.9642857142857144,52.35912473520264,81.15742571947193,64.69487599372368,4.0,3028.2364251468384,1.0,69.50002179853574,104.2500326978036,52.1250163489018,52.1250163489018,29.054604099077146,1
2,3.5,4.5,180.0,6.5,0.8829440792423013,True,ok,True,0.8023051303914308,0.9562264777959543,0.9684873949579833,55.585076529542455,91.58484609384342,75.52303546760724,4.0,2770.236757731342,1.0,69.50002179853574,104.2500326978036,52.1250163489018,52.1250163489018,29.054604099077146,1
3,3.0,3.5,180.0,6.0,0.8778519445529115,True,ok,False,0.8004104187662668,0.9670151884539323,0.9474789915966386,55.92612462207197,81.33557096876432,59.26132868214935,5.0,2526.0779347192147,1.0,65.86494047332738,98.79741070999107,49.398705354995535,49.398705354995535,29.74488129694222,1
4,3.5,4.5,150.0,6.5,0.8700294207323533,True,ok,True,0.8220030955035765,0.9527023901129092,0.8949579831932772,52.0394428093562,94.93272939273615,80.47599478318197,6.0,2767.972979041887,1.0,67.87078905973043,99.36233448138768,52.1250163489018,52.1250163489018,29.054604099077146,1
5,4.0,4.5,180.0,5.5,0.8636960174138537,True,ok,False,0.7977536717882688,0.9596001092792689,0.9096638655462184,56.40433907811162,88.37989618469453,72.07950040683724,5.0,4464.654799516923,1.0,64.4886142179064,96.73292132685961,48.3664606634298,48.3664606634298,33.690067525979785,1
6,3.5,5.0,180.0,5.0,0.8615711708903887,True,ok,False,0.7848413825502651,0.9591977762275409,0.9243697478991597,58.72855114095226,88.76211258383613,69.03448173186034,4.0,4813.373740954117,1.0,73.34397306858845,110.01595960288267,55.00797980144134,55.00797980144134,26.56505117707799,1
7,3.0,3.5,150.0,6.0,0.8577580771357047,True,ok,True,0.8230811185398279,0.9611296061356761,0.846638655462185,51.84539866283099,86.92687417110767,68.26357860112557,7.0,2800.5822321373803,1.0,64.37978596182849,94.34194717549441,49.398705354995535,49.398705354995535,29.74488129694222,1
8,3.0,3.5,150.0,5.0,0.8572092468513139,True,ok,False,0.7864938531312254,0.9458620215965735,0.9159663865546218,58.43110643637944,101.43107948325515,83.83313408497588,5.0,4372.843412676825,1.0,64.37978596182849,94.34194717549441,49.39870535499553,49.39870535499553,29.74488129694222,1
9,3.5,4.5,150.0,5.0,0.8566042411151551,True,ok,False,0.8080628880531039,0.9519396156951168,0.8739495798319328,54.54868015044129,95.65736508963907,79.85503160152372,6.0,3947.1949612727785,1.0,67.87078905973043,99.36233448138768,52.1250163489018,52.1250163489018,29.054604099077146,1
10,3.5,4.0,150.0,4.5,0.8518076249886095,True,ok,False,0.794955998510077,0.954421237911552,0.8781512605042017,56.90792026818614,93.29982398402552,74.83123762924195,6.0,3504.5839092316774,1.0,63.629324047296734,93.2598224733095,48.81407483429036,48.81407483429036,32.005383208083494,1
11,3.0,3.5,180.0,7.0,0.8515358370318767,True,ok,False,0.7748816391599849,0.9465255074274886,0.9159663865546219,60.52130495120272,100.80076794388584,83.53551049230555,4.0,6618.192027770533,1.0,65.86494047332738,98.79741070999107,49.398705354995535,49.398705354995535,29.74488129694222,1
12,3.0,4.0,150.0,7.0,0.8510802231360932,True,ok,True,0.8381279274344179,0.9562997844893792,0.8025210084033614,49.136973061804795,91.51520473508965,76.75438934328147,8.0,2491.5483546668993,1.0,69.15382809012245,101.20127956205536,53.13010235415599,53.13010235415599,26.56505117707799,1
13,3.5,4.5,150.0,5.5,0.8495122729967157,True,ok,False,0.7877880649369492,0.9419567488596927,0.8907563025210085,58.19814831134916,105.14108858329189,87.41429064600861,4.0,9010.428862739116,1.0,67.87078905973043,99.36233448138768,52.1250163489018,52.1250163489018,29.054604099077146,1
14,3.0,4.0,180.0,6.0,0.8483968813739231,True,ok,False,0.7680619718361799,0.9604849394640397,0.9075630252100839,61.748845069487615,87.53930750916236,60.62919362724313,5.0,4517.199648040397,1.0,70.84013647220799,106.26020470831197,53.13010235415599,53.13010235415599,26.56505117707799,1
15,3.0,4.5,180.0,5.5,0.8478361904773724,True,ok,False,0.7869081374121126,0.957834978604479,0.8760504201680672,58.356535265819744,90.056770325745,70.71041904556418,6.0,3661.1800291388313,1.0,75.0799099653603,112.61986494804043,56.30993247402022,56.30993247402022,23.962488974578182,1
16,3.0,3.5,180.0,4.5,0.8473070534033522,True,ok,False,0.772060935734518,0.9481896503695418,0.9054621848739495,61.02903156778677,99.21983214893517,80.8389720355123,5.0,4577.162367946997,1.0,65.86494047332737,98.79741070999107,49.39870535499553,49.39870535499553,29.74488129694222,1
17,3.5,4.0,180.0,6.0,0.8467303479852477,True,ok,False,0.7605051294130427,0.9521368155532953,0.9201680672268908,63.10907670565232,95.47002522436946,75.35869874817077,4.0,5212.637815526996,1.0,65.08543311238715,97.62814966858072,48.81407483429036,48.81407483429036,32.005383208083494,1
18,3.0,4.0,180.0,4.5,0.8438825599289159,True,ok,False,0.8020426688001725,0.9569531864676777,0.8382352941176471,55.632319615968946,90.89447285570623,73.2170792050735,7.0,3270.188030707538,1.0,70.84013647220799,106.26020470831197,53.13010235415599,53.13010235415599,26.56505117707799,1
19,2.5,3.5,150.0,5.5,0.8414420787999892,True,ok,False,0.819550092080126,0.9482511301861855,0.8067226890756303,52.48098342557734,99.16142632312375,83.11061114740495,8.0,2220.101000748907,1.0,70.85077026732831,103.6276663859337,54.46232220802562,54.46232220802562,23.198590513648185,1
20,4.0,4.5,180.0,6.5,0.84128258282087,True,ok,False,0.792577350460661,0.9644653362720249,0.8403361344537815,57.336076917081,83.75793054157634,64.94122135989923,7.0,3138.174339209616,1.0,64.4886142179064,96.73292132685961,48.366460663429805,48.366460663429805,33.690067525979785,1
21,3.5,5.0,180.0,3.5,0.8409775592948687,True,ok,False,0.7719284466390579,0.9452347471035898,0.8865546218487395,61.05287960496957,102.02699025158967,84.28337708837668,5.0,6717.541091663889,1.0,73.34397306858845,110.01595960288267,55.00797980144133,55.00797980144133,26.56505117707799,1
22,3.5,5.0,180.0,6.5,0.8400605516987667,True,ok,False,0.7716859042707102,0.9633148885733605,0.8718487394957983,61.09653723127217,84.85085585530763,61.01702603116586,6.0,3996.772552973309,1.0,73.34397306858845,110.01595960288267,55.00797980144134,55.00797980144134,26.56505117707799,1
23,4.0,4.0,180.0,7.0,0.8372750296550158,True,ok,True,0.8012927052384982,0.969908091061186,0.8088235294117647,55.767313057070325,78.5873134918733,59.9673437355165,8.0,1579.0344736379002,1.0,60.0,90.0,45.0,45.0,36.86989764584402,1
24,3.5,4.5,180.0,7.0,0.8367532873344368,True,ok,False,0.774503409864288,0.9428860632719684,0.8697478991596638,60.589386224428154,104.25823989162997,89.88339229480897,5.0,8399.190311486516,1.0,69.50002179853574,104.2500326978036,52.1250163489018,52.1250163489018,29.054604099077146,1
25,3.0,4.5,150.0,7.0,0.8350011729819977,True,ok,False,0.8306225352944425,0.9482394426402688,0.7668067226890757,50.487943647000336,99.17252949174468,84.2811319930625,9.0,2241.179442940889,1.0,73.19647780794178,106.9695684757849,56.309932474020215,56.309932474020215,23.962488974578182,1
26,4.0,4.0,180.0,5.0,0.8326489544465578,True,ok,False,0.779880211177648,0.9593425636164,0.8361344537815126,59.621561988023345,88.62456456441994,70.51130794959127,7.0,3308.031006562662,1.0,60.0,90.0,45.00000000000001,45.00000000000001,36.86989764584402,1
27,4.0,4.5,180.0,5.0,0.8259557117178185,True,ok,False,0.7853559553256518,0.9626071576699201,0.8025210084033614,58.635928041382655,85.52320021357592,65.42985876765196,7.0,4988.10587924581,1.0,64.4886142179064,96.73292132685961,48.366460663429805,48.366460663429805,33.690067525979785,1
28,2.5,3.5,150.0,6.5,0.8255191611982282,True,ok,False,0.8228889357866717,0.9453734665244619,0.75,51.879991558399105,101.8952068017612,86.82895423591935,9.0,3062.140111989826,1.0,70.85077026732831,103.6276663859337,54.46232220802562,54.46232220802562,23.198590513648185,1
29,4.0,4.5,180.0,7.0,0.8226648844941802,True,ok,False,0.7314945076039004,0.9453024391754351,0.8928571428571429,68.33098863129791,101.96268278333658,82.2772495009542,4.0,8832.576620206471,1.0,64.4886142179064,96.73292132685961,48.3664606634298,48.3664606634298,33.690067525979785,1
30,3.0,4.0,150.0,4.0,0.8216573417761346,True,ok,False,0.8040043019773049,0.9480658699037973,0.7668067226890757,55.27922564408513,99.33742359139262,83.59476349641174,8.0,4405.39973236769,1.0,69.15382809012245,101.20127956205536,53.13010235415599,53.13010235415599,26.56505117707799,1
31,3.5,4.5,150.0,6.0,0.8205591874784964,True,ok,False,0.8156548464809477,0.9512638632069196,0.7415966386554622,53.18212763342942,96.29932995342644,80.49681118204515,11.0,2749.5571023802504,1.0,67.87078905973043,99.36233448138768,52.1250163489018,52.1250163489018,29.054604099077146,1
32,3.0,3.5,180.0,5.0,0.8204710764017836,True,ok,False,0.7738119229916223,0.9514390199080136,0.8109243697478992,60.71385386150799,96.1329310873871,76.77845390119921,6.0,9582.165744128915,1.0,65.86494047332737,98.79741070999107,49.39870535499553,49.39870535499553,29.74488129694222,1
33,3.5,4.0,150.0,6.5,0.8168785919271873,True,ok,False,0.7327242360101038,0.9385067393585761,0.8760504201680672,68.1096375181813,108.41859760935266,87.73696579056136,4.0,10621.591178123002,1.0,63.629324047296734,93.2598224733095,48.81407483429036,48.81407483429036,32.005383208083494,1
34,3.0,4.5,150.0,6.5,0.8106958189716181,True,ok,False,0.8005268414435412,0.9523720752828506,0.7331932773109244,55.90516854016257,95.24652848129185,75.28447179544737,9.0,4092.2321826758657,1.0,73.19647780794178,106.9695684757849,56.30993247402022,56.30993247402022,23.962488974578182,1
35,3.5,4.0,180.0,7.0,0.8090872546849849,True,ok,False,0.7834075486109264,0.9556148808892053,0.7542016806722689,58.986641250033244,92.1658631552549,75.95830140036645,8.0,4637.8054229587815,1.0,65.08543311238715,97.62814966858072,48.81407483429036,48.81407483429036,32.005383208083494,1
36,4.5,5.0,180.0,6.0,0.8045753057862058,True,ok,False,0.7677596511454299,0.9564185775380432,0.7647058823529411,61.80326279382264,91.40235133885908,73.16365778516841,8.0,4453.031299060762,1.0,64.01705000557779,96.02557500836669,48.01278750418334,48.01278750418334,34.99202019855866,1
37,3.0,3.5,180.0,3.5,0.804430728237602,True,ok,False,0.7605570662611157,0.9453408074679935,0.7836134453781514,63.09972807299918,101.92623290540605,83.82904751534195,7.0,7876.382203952144,1.0,65.86494047332738,98.79741070999107,49.398705354995535,49.398705354995535,29.74488129694222,1
38,3.0,4.0,180.0,3.5,0.803496891802045,True,ok,False,0.7925939575311856,0.9582684727452863,0.7184873949579832,57.3330876443866,89.64495089197803,69.60385341147148,9.0,4589.279580371552,1.0,70.84013647220799,106.26020470831197,53.13010235415599,53.13010235415599,26.56505117707799,1
39,3.0,3.5,180.0,5.5,0.8031545930103493,True,ok,False,0.7540441965241134,0.9363347426490257,0.796218487394958,64.27204462565957,110.48199448342551,91.88884833846284,6.0,11469.522234564613,1.0,65.86494047332738,98.79741070999107,49.398705354995535,49.398705354995535,29.74488129694222,1
40,3.0,4.0,180.0,7.0,0.8023699489512012,True,ok,False,0.7786175360477381,0.9497596861492655,0.7436974789915967,59.848843511407146,97.72829815819772,80.79018700184058,8.0,5795.9111749058,1.0,70.84013647220799,106.26020470831197,53.13010235415599,53.13010235415599,26.56505117707799,1
41,4.0,4.0,180.0,3.5,0.8009705043995001,True,ok,False,0.7576795636201309,0.9415359658883495,0.7794117647058824,63.617678548376446,105.54083240606796,87.18146833080522,7.0,8300.158523870203,1.0,60.0,90.0,45.0,45.0,36.86989764584402,1
42,3.0,4.0,150.0,4.5,0.8001653133523499,True,ok,False,0.7830908011300374,0.9433096479702694,0.7331932773109244,59.04365579659328,103.85583442824404,87.58416648149274,8.0,7736.098165107289,1.0,69.15382809012245,101.20127956205536,53.13010235415599,53.13010235415599,26.56505117707799,1
43,3.0,4.5,180.0,5.0,0.7990659706839618,True,ok,False,0.7570587534242533,0.9493216253213601,0.7689075630252101,63.72942438363441,98.14445594470794,79.19658630547994,7.0,9181.215190386632,1.0,75.0799099653603,112.61986494804043,56.30993247402022,56.30993247402022,23.962488974578182,1
44,3.0,4.0,150.0,3.5,0.7982109006954461,True,ok,False,0.748897836368864,0.9276334419668348,0.7941176470588235,65.19838945360449,118.74823013150699,97.67271277180966,6.0,11766.396252152324,1.0,69.15382809012245,101.20127956205536,53.13010235415599,53.13010235415599,26.56505117707799,1
45,3.5,4.5,180.0,4.5,0.7975612190105745,True,ok,False,0.7911338899991883,0.9669041431641456,0.6953781512605042,57.59589980014609,81.44106399406164,60.65440787218524,11.0,4660.459921617673,1.0,69.50002179853574,104.2500326978036,52.1250163489018,52.1250163489018,29.054604099077146,1
46,4.0,4.0,180.0,6.0,0.7974598137816609,True,ok,False,0.7180306650459977,0.9411719861252428,0.8340336134453782,70.75448029172044,105.8866131810193,83.35530004955513,6.0,7286.700067062696,1.0,60.0,90.0,45.00000000000001,45.00000000000001,36.86989764584402,1
47,3.0,3.5,180.0,4.0,0.792040923275265,True,ok,False,0.7106035741921666,0.9357965212320429,0.8319327731092436,72.09135664541002,110.99330482955915,88.25418398678735,5.0,12245.391489395835,1.0,65.86494047332738,98.79741070999107,49.398705354995535,49.398705354995535,29.74488129694222,1
48,3.0,4.0,150.0,6.5,0.7913720527163304,True,ok,False,0.7431999329080783,0.9297427842526328,0.7794117647058824,66.2240120765459,116.74435495999889,98.53605832977652,6.0,12453.031810586324,1.0,69.15382809012245,101.20127956205536,53.13010235415599,53.13010235415599,26.56505117707799,1
49,3.0,3.5,180.0,6.5,0.7908360589810541,True,ok,False,0.727608574553681,0.9376798669244296,0.7983193277310925,69.03045658033741,109.20412642179187,88.67834555386365,6.0,10709.912396162807,1.0,65.86494047332737,98.79741070999107,49.39870535499553,49.39870535499553,29.74488129694222,1
50,3.5,4.5,150.0,7.0,0.7900087270395695,True,ok,False,0.7838254799933224,0.9505639688279873,0.6932773109243697,58.911413601201964,96.96422961341207,76.82594691319828,8.0,11821.979961698893,1.0,67.87078905973043,99.36233448138768,52.1250163489018,52.1250163489018,29.054604099077146,1
51,4.5,5.0,180.0,7.0,0.7892078260390709,True,ok,False,0.7169479648849424,0.9404339238653512,0.8088235294117647,70.94936632071037,106.5877723279164,86.88578139282892,6.0,9965.011964495352,1.0,64.01705000557779,96.02557500836669,48.01278750418334,48.01278750418334,34.99202019855866,1
52,2.5,3.5,150.0,6.0,0.7788484153288512,True,ok,False,0.7468054335475226,0.9305898373132645,0.73109243697479,65.57502196144596,115.93965455239865,95.94066807399203,8.0,7810.2601548828,1.0,70.85077026732831,103.6276663859337,54.46232220802562,54.46232220802562,23.198590513648185,1
53,4.0,4.0,180.0,6.5,0.7776407418268882,True,ok,False,0.707013625120373,0.9420982177620802,0.7857142857142857,72.73754747833286,105.00669312602366,81.28561867850857,6.0,12213.647937006339,1.0,60.0,90.0,45.00000000000001,45.00000000000001,36.86989764584402,1
54,3.5,4.0,180.0,5.5,0.775275000802863,True,ok,False,0.7515533714241422,0.9481218275547996,0.6995798319327732,64.72039314365439,99.28426382294037,79.52488013734717,9.0,6728.850182749521,1.0,65.08543311238715,97.62814966858072,48.81407483429036,48.81407483429036,32.005383208083494,1
55,3.0,3.5,150.0,7.0,0.7723708635408212,True,ok,False,0.7462414872803786,0.9405783305955959,0.7037815126050421,65.67653228953183,106.45058593418395,86.06683043396717,8.0,10619.646798006825,1.0,64.37978596182849,94.34194717549441,49.398705354995535,49.398705354995535,29.74488129694222,1
56,3.0,4.5,150.0,3.5,0.769271652277935,True,ok,False,0.7543919543973426,0.9362187115307726,0.6827731092436975,64.20944820847834,110.59222404576599,92.61914021608621,9.0,8427.51312923823,1.0,73.19647780794178,106.9695684757849,56.309932474020215,56.309932474020215,23.962488974578182,1
57,3.5,4.0,150.0,5.5,0.7687350044555723,True,ok,False,0.7479729367648065,0.9401292349876937,0.6890756302521008,65.36487138233483,106.87722676169095,89.48474045074302,9.0,7952.708452374692,1.0,63.629324047296734,93.2598224733095,48.81407483429036,48.81407483429036,32.005383208083494,1
58,3.0,4.5,150.0,4.5,0.7671081139648629,True,ok,False,0.7132627928273896,0.921081066747437,0.7542016806722689,71.61269729106989,124.97298658993488,103.81269769167636,6.0,15764.837997577179,1.0,73.19647780794178,106.9695684757849,56.30993247402022,56.30993247402022,23.962488974578182,1
59,3.5,4.5,150.0,3.5,0.7640779136067284,True,ok,False,0.7053503295156865,0.9257112232360224,0.7542016806722689,73.03694068717643,120.57433792577872,102.74584548114761,5.0,27454.94450056027,1.0,67.87078905973043,99.36233448138768,52.1250163489018,52.1250163489018,29.054604099077146,1
60,4.0,4.5,180.0,4.5,0.7619885472745573,True,ok,False,0.7150615945142347,0.9382551366418217,0.7226890756302522,71.28891298743775,108.65762019026943,87.69149729211136,7.0,13467.923188011557,1.0,64.4886142179064,96.73292132685961,48.366460663429805,48.366460663429805,33.690067525979785,1
61,3.5,4.5,180.0,6.0,0.758204870830528,True,ok,False,0.7493496761836033,0.9533644494079179,0.6428571428571428,65.11705828695143,94.30377306247809,72.59827637785844,10.0,11846.81384692164,1.0,69.50002179853574,104.2500326978036,52.1250163489018,52.1250163489018,29.054604099077146,1
62,3.0,4.5,180.0,7.0,0.7575622991939079,True,ok,False,0.7312120466228536,0.9356217155468591,0.6827731092436975,68.38183160788637,111.15937023048383,90.75446833432761,8.0,12427.64588074886,1.0,75.07990996536029,112.61986494804043,56.309932474020215,56.309932474020215,23.962488974578182,1
63,3.0,4.0,180.0,5.0,0.7557502333769424,True,ok,False,0.733327003751962,0.9496353381770761,0.6638655462184875,68.00113932464681,97.84642873177765,79.57917745195134,7.0,27110.914156241917,1.0,70.84013647220799,106.26020470831197,53.13010235415599,53.13010235415599,26.56505117707799,1
64,4.5,5.0,180.0,4.5,0.7555490577068732,True,ok,False,0.7412491496853357,0.954034179026909,0.6470588235294118,66.57515305663956,93.66752992443645,71.28490143215869,12.0,10294.059566341728,1.0,64.01705000557779,96.02557500836669,48.01278750418334,48.01278750418334,34.99202019855866,1
65,3.0,3.5,150.0,6.5,0.7551489989294837,True,ok,False,0.6739124357029141,0.9155437373229061,0.7836134453781513,78.69576157347545,130.23344954323917,106.45229104567255,3.0,32231.011672729288,1.0,64.37978596182849,94.34194717549441,49.39870535499553,49.39870535499553,29.74488129694222,1
66,3.5,4.0,180.0,6.5,0.754585438992429,True,ok,False,0.6822137605831363,0.9392415330001027,0.7521008403361344,77.20152309503547,107.72054364990247,78.46727674525556,6.0,15771.809079021685,1.0,65.08543311238715,97.62814966858072,48.81407483429036,48.81407483429036,32.005383208083494,1
67,3.0,4.0,150.0,5.0,0.7543511760607078,True,ok,False,0.6849808658428582,0.9248499341837882,0.7563025210084033,76.70344414828553,121.39256252540125,100.55326460381755,6.0,15187.740975431068,1.0,69.15382809012245,101.20127956205536,53.13010235415599,53.13010235415599,26.56505117707799,1
68,4.5,5.0,180.0,5.5,0.7530783392547526,True,ok,False,0.6684627528298596,0.9282684276444918,0.7773109243697479,79.67670449062527,118.14499373773279,93.28382007646861,6.0,12761.317973970008,1.0,64.01705000557779,96.02557500836669,48.01278750418334,48.01278750418334,34.99202019855866,1
69,3.0,4.0,150.0,6.0,0.752888631005626,True,ok,False,0.7234297362739821,0.9159528479566199,0.6932773109243697,69.78264747068322,129.84479444121106,110.41632019592036,7.0,17740.52447528546,1.0,69.15382809012245,101.20127956205536,53.13010235415599,53.13010235415599,26.56505117707799,1
70,3.0,4.5,150.0,6.0,0.7523504529042415,True,ok,False,0.7353961758182368,0.9306147661520864,0.6617647058823529,67.62868835271738,115.91597215551792,98.39452624972603,8.0,14779.138744378964,1.0,73.19647780794178,106.9695684757849,56.309932474020215,56.309932474020215,23.962488974578182,1
71,3.0,4.5,180.0,6.0,0.7438356278409668,True,ok,False,0.7111917902646223,0.9359465627029424,0.6701680672268908,71.98547775236798,110.85076543220478,88.76261389669112,9.0,10287.682388379068,1.0,75.07990996536029,112.61986494804043,56.309932474020215,56.309932474020215,23.962488974578182,1
72,3.5,4.0,150.0,5.0,0.7417278220634537,True,ok,False,0.6775914664503631,0.9148705282249742,0.7331932773109243,78.03353603893464,130.87299818627451,108.1397150316184,6.0,20184.835180788334,1.0,63.629324047296734,93.2598224733095,48.81407483429036,48.81407483429036,32.005383208083494,1
73,4.0,4.0,180.0,4.5,0.7405490909380613,True,ok,False,0.6647949012174585,0.9283632436634669,0.7415966386554622,80.33691778085746,118.05491851970642,93.75970640248666,6.0,17298.92081256159,1.0,60.0,90.0,45.00000000000001,45.00000000000001,36.86989764584402,1
74,3.5,5.0,180.0,7.0,0.7396463853340862,True,ok,False,0.7015753772470019,0.9327388617041869,0.6743697478991597,73.71643209553964,113.8980813810225,91.89546841551382,8.0,12873.374357554521,1.0,73.34397306858845,110.01595960288267,55.00797980144133,55.00797980144133,26.56505117707799,1
75,3.0,4.5,180.0,4.0,0.739599740059442,True,ok,False,0.6850894979079083,0.9296026866198759,0.7037815126050421,76.68389037657651,116.877447711118,94.30830122380696,7.0,16262.694444884271,1.0,75.0799099653603,112.61986494804043,56.30993247402022,56.30993247402022,23.962488974578182,1
76,2.5,3.5,150.0,7.0,0.7393587356619681,True,ok,False,0.7296550836049489,0.9146727760201571,0.638655462184874,68.66208495110921,131.06086278085078,112.8499474693673,9.0,12815.745145375658,1.0,70.85077026732831,103.6276663859337,54.46232220802562,54.46232220802562,23.198590513648185,1
77,3.5,4.5,150.0,4.5,0.7374461988906478,True,ok,False,0.6871092067325558,0.935844532243698,0.6890756302521008,76.32034278813995,110.94769436848682,81.04418542864717,8.0,12096.52181854435,1.0,67.87078905973043,99.36233448138768,52.1250163489018,52.1250163489018,29.054604099077146,1
78,4.5,5.0,180.0,6.5,0.7335202879132341,True,ok,False,0.6883480453672818,0.9383279648034286,0.6722689075630253,76.09735183388928,108.58843343674276,80.7509939325689,8.0,13438.630465893224,1.0,64.01705000557779,96.02557500836669,48.01278750418334,48.01278750418334,34.99202019855866,1
79,3.0,4.0,180.0,6.5,0.732061779873205,True,ok,False,0.7082011946368317,0.9412765010092397,0.6323529411764707,72.5237849653703,105.78732404122228,79.66545444474787,9.0,13464.452440249543,1.0,70.84013647220799,106.26020470831197,53.13010235415599,53.13010235415599,26.56505117707799,1
80,3.5,4.0,180.0,3.5,0.7258522419773891,True,ok,False,0.7091157748937084,0.9363037054257837,0.6134453781512605,72.35916051913249,110.51147984550549,88.93569317364708,9.0,16144.350016039492,1.0,65.08543311238715,97.62814966858072,48.81407483429036,48.81407483429036,32.005383208083494,1
81,3.5,4.5,180.0,4.0,0.7256320205302964,True,ok,False,0.6178935925777184,0.9237622556609678,0.7731092436974789,88.7791533360107,122.4258571220806,97.15427197029942,5.0,21739.626393250786,1.0,69.50002179853574,104.2500326978036,52.1250163489018,52.1250163489018,29.054604099077146,1
82,3.5,5.0,180.0,6.0,0.7242530982852778,True,ok,False,0.6599151985939188,0.9284102680508359,0.6953781512605043,81.21526425309462,118.01024535170585,87.95996621090795,7.0,17461.92284787866,1.0,73.34397306858845,110.01595960288267,55.00797980144133,55.00797980144133,26.56505117707799,1
83,3.0,4.0,180.0,5.5,0.7225477418771777,True,ok,False,0.6674881245149087,0.9198587342330704,0.6827731092436975,79.85213758731643,126.13420247858316,102.05741991852335,7.0,21575.452707383836,1.0,70.84013647220799,106.26020470831197,53.13010235415599,53.13010235415599,26.56505117707799,1
84,3.5,4.0,150.0,4.0,0.7208003522119916,True,ok,False,0.6961457285992791,0.9371668513264658,0.6176470588235293,74.69376885212975,109.69149123985746,84.95546378485233,10.0,13531.417281694241,1.0,63.629324047296734,93.2598224733095,48.81407483429036,48.81407483429036,32.005383208083494,1
85,3.0,4.5,150.0,5.5,0.7196802449677493,True,ok,False,0.6726512994249169,0.9115208754361178,0.6701680672268908,78.92276610351497,134.05516833568814,110.42158958836684,7.0,22916.324876622104,1.0,73.19647780794178,106.9695684757849,56.30993247402022,56.30993247402022,23.962488974578182,1
86,2.5,3.5,150.0,5.0,0.7174364320476988,True,ok,False,0.6995440422157078,0.9244565084807372,0.6092436974789917,74.08207240117261,121.76631694329963,97.58830888205756,9.0,16950.55080315335,1.0,70.85077026732831,103.6276663859337,54.46232220802562,54.46232220802562,23.198590513648185,1
87,4.0,4.5,180.0,4.0,0.7169081777174715,True,ok,False,0.6487975636756979,0.9226310130115585,0.6932773109243697,83.21643853837439,123.50053763901944,101.79018494904165,6.0,31053.183784577177,1.0,64.4886142179064,96.73292132685961,48.3664606634298,48.3664606634298,33.690067525979785,1
88,4.0,4.5,180.0,6.0,0.7166317613844877,True,ok,False,0.6825800643169043,0.9218767133570681,0.6365546218487395,77.13558842295723,124.21712231078521,104.95139946136781,8.0,18271.19244395981,1.0,64.4886142179064,96.73292132685961,48.3664606634298,48.3664606634298,33.690067525979785,1
89,3.5,4.0,180.0,4.5,0.7157745664091508,True,ok,False,0.6878289917074868,0.9359810250459448,0.6155462184873949,76.19078149265238,110.81802620635247,88.41307688457557,10.0,14057.230654192052,1.0,65.08543311238715,97.62814966858072,48.81407483429036,48.81407483429036,32.005383208083494,1
90,3.5,4.5,150.0,4.0,0.708211276633901,True,ok,False,0.668642667186692,0.9209203034380691,0.6323529411764706,79.64431990639545,125.12571173383436,101.25861953650345,8.0,20896.273446308518,1.0,67.87078905973043,99.36233448138768,52.1250163489018,52.1250163489018,29.054604099077146,1
91,3.5,4.0,180.0,5.0,0.7065269447103759,True,ok,False,0.6080171091963069,0.9096507740905241,0.7352941176470588,90.55692034466476,135.83176461400222,111.36582298186411,5.0,33979.01515519404,1.0,65.08543311238715,97.62814966858072,48.81407483429036,48.81407483429036,32.005383208083494,1
92,3.0,3.5,150.0,4.5,0.7057397163295613,True,ok,False,0.6435976704919779,0.9113010440733241,0.6722689075630253,84.15241931144398,134.26400813034206,110.54540028381156,7.0,22751.745890016435,1.0,64.37978596182849,94.34194717549441,49.39870535499553,49.39870535499553,29.74488129694222,1
93,3.0,4.5,150.0,4.0,0.7041407139021525,True,ok,False,0.6578043392567493,0.908755746578973,0.6449579831932774,81.59521893378513,136.6820407499757,117.39812123331818,8.0,17013.572534082195,1.0,73.19647780794178,106.9695684757849,56.30993247402022,56.30993247402022,23.962488974578182,1
94,4.5,5.0,180.0,3.5,0.701982713696542,True,ok,False,0.6593352735638522,0.9288022753293818,0.6218487394957983,81.3196507585066,117.6378384370874,90.16706854171694,8.0,22580.636383598914,1.0,64.01705000557779,96.02557500836669,48.01278750418334,48.01278750418334,34.99202019855866,1
95,3.0,4.5,150.0,5.0,0.7001200795332402,True,ok,False,0.647779311790349,0.9042613618878075,0.6512605042016807,83.39972387773719,140.95170620658288,119.65913782644526,7.0,29624.035527713502,1.0,73.19647780794178,106.9695684757849,56.30993247402022,56.30993247402022,23.962488974578182,1
96,4.5,5.0,180.0,5.0,0.6999435777690713,True,ok,False,0.6028749748246457,0.9053455778341629,0.7247899159663865,91.48250453156378,139.92170105754522,113.93719142595978,5.0,39005.063388111404,1.0,64.01705000557779,96.02557500836669,48.01278750418334,48.01278750418334,34.99202019855866,1
97,3.5,5.0,180.0,4.5,0.6996936734409749,True,ok,False,0.6369974074935908,0.9227815711599731,0.6554621848739496,85.34046665115365,123.35750739802566,94.14021582545836,7.0,29386.328187658102,1.0,73.34397306858845,110.01595960288267,55.00797980144134,55.00797980144134,26.56505117707799,1
98,3.0,4.0,180.0,4.0,0.6949238847025101,True,ok,False,0.6087277488818339,0.9191866059298148,0.6890756302521008,90.4290052012699,126.7727243666759,93.2653642144377,6.0,32777.38852014693,1.0,70.84013647220799,106.26020470831197,53.13010235415599,53.13010235415599,26.56505117707799,1
99,4.0,4.0,180.0,5.5,0.6940694004096956,True,ok,False,0.6435930412662298,0.9285912896392057,0.6218487394957983,84.15325257207863,117.83827484275463,87.68706417763875,9.0,14812.33542052431,1.0,60.0,90.0,45.00000000000001,45.00000000000001,36.86989764584402,1
100,3.0,3.5,150.0,5.5,0.6937589062203798,True,ok,False,0.6689618874186909,0.9077343503702978,0.592436974789916,79.58686026463565,137.65236714821702,115.4173255479669,9.0,20944.02615907545,1.0,64.37978596182849,94.34194717549441,49.398705354995535,49.398705354995535,29.74488129694222,1
101,3.5,4.0,150.0,3.5,0.6851926656354899,True,ok,False,0.6606285179677802,0.9298542181319486,0.5630252100840336,81.08686676579957,116.63849277464884,86.51817783870025,11.0,22678.70514759801,1.0,63.629324047296734,93.2598224733095,48.81407483429036,48.81407483429036,32.005383208083494,1
102,3.5,4.5,180.0,3.5,0.6786777393238136,True,ok,False,0.6476688142021412,0.9233763249792613,0.5672268907563025,83.41961344361458,122.79249126970181,99.42352068045771,11.0,22129.21340264993,1.0,69.50002179853574,104.2500326978036,52.1250163489018,52.1250163489018,29.054604099077146,1
103,3.0,4.0,150.0,5.5,0.6765530374450244,True,ok,False,0.6372784027670706,0.8914599366099663,0.5987394957983193,85.2898875019273,153.11306022053202,130.83784740405991,8.0,29615.760635849558,1.0,69.15382809012245,101.20127956205536,53.13010235415599,53.13010235415599,26.56505117707799,1
104,3.5,4.5,180.0,5.5,0.6756951665436397,True,ok,False,0.6236312162767964,0.9118347668161233,0.6050420168067228,87.74638107017665,133.75697152468285,109.65113560087174,8.0,27532.72136353494,1.0,69.50002179853574,104.2500326978036,52.1250163489018,52.1250163489018,29.054604099077146,1
105,3.5,4.0,150.0,7.0,0.6690971478430792,True,ok,False,0.6207417646203595,0.9144296469922282,0.5861344537815126,88.2664823683353,131.29183535738326,99.08720160911298,8.0,34325.135463487546,1.0,63.629324047296734,93.2598224733095,48.81407483429036,48.81407483429036,32.005383208083494,1
106,3.5,5.0,180.0,5.5,0.6644167977511003,True,ok,False,0.6194171298701346,0.9132470464331057,0.573529411764706,88.50491662337576,132.41530588854957,101.15667140623515,9.0,24113.188259531,1.0,73.34397306858845,110.01595960288267,55.00797980144133,55.00797980144133,26.56505117707799,1
107,2.5,3.5,150.0,4.5,0.6640138079486583,True,ok,False,0.6184620981616621,0.9104684161878756,0.5756302521008404,88.67682233090082,135.05500462151824,106.40737241115124,9.0,23814.704004938332,1.0,70.85077026732831,103.6276663859337,54.46232220802562,54.46232220802562,23.198590513648185,1
108,3.0,4.5,180.0,3.5,0.663095519908751,True,ok,False,0.587373557400628,0.901665554781681,0.6302521008403362,94.27275966788696,143.41772295740302,118.67211723279102,7.0,42406.81660666015,1.0,75.07990996536029,112.61986494804043,56.309932474020215,56.309932474020215,23.962488974578182,1
109,3.5,5.0,180.0,4.0,0.6569288239766848,False,jitter>50000,False,0.5796832687644148,0.9026628387286897,0.6218487394957983,95.65701162240534,142.4703032077448,112.28727555676431,7.0,57543.44669492265,1.0,73.34397306858845,110.01595960288267,55.00797980144134,55.00797980144134,26.56505117707799,1
110,3.0,4.5,180.0,4.5,0.6537573044436615,True,ok,False,0.5473769404732012,0.8919408096907672,0.6722689075630252,101.47215071482378,152.65623079377124,124.85591909506286,6.0,45240.34282386285,1.0,75.0799099653603,112.61986494804043,56.30993247402022,56.30993247402022,23.962488974578182,1
111,2.5,3.5,150.0,4.0,0.6518041789666618,True,ok,False,0.6125093469081858,0.8958147544536009,0.5546218487394957,89.74831755652654,148.9759832690792,117.28432003275205,10.0,28213.02353901622,1.0,70.85077026732831,103.6276663859337,54.46232220802562,54.46232220802562,23.198590513648185,1
112,3.5,4.0,150.0,6.0,0.6504365189351743,True,ok,False,0.5897710594595701,0.901704525858879,0.5840336134453782,93.84120929727739,143.38070043406503,110.982248860275,8.0,34547.49178463074,1.0,63.629324047296734,93.2598224733095,48.81407483429036,48.81407483429036,32.005383208083494,1
113,4.5,5.0,180.0,4.0,0.6437884049807046,True,ok,False,0.5234246241903026,0.8925233215706235,0.6785714285714286,105.78356764574555,152.10284450790766,119.55373252529117,6.0,38468.818371249494,1.0,64.01705000557779,96.02557500836669,48.01278750418334,48.01278750418334,34.99202019855866,1
114,4.0,4.0,180.0,4.0,0.6413270658820843,True,ok,False,0.543115462637434,0.9097710425647355,0.6260504201680672,102.23921672526187,135.71750956350124,99.8069440927999,7.0,47731.90033980832,1.0,60.0,90.0,45.00000000000001,45.00000000000001,36.86989764584402,1
115,3.5,4.0,180.0,4.0,0.635168953518366,True,ok,False,0.5600157911104522,0.902906130151834,0.5819327731092437,99.19715760011862,142.2391763557578,117.70107658889444,8.0,34670.657477460285,1.0,65.08543311238715,97.62814966858072,48.81407483429036,48.81407483429036,32.005383208083494,1
116,3.0,3.5,150.0,4.0,0.625832267118317,False,jitter>50000,False,0.5748139184499494,0.8948576319036858,0.5315126050420168,96.53349467900911,149.88524969149844,126.05065797982118,9.0,53528.41421147286,1.0,64.37978596182849,94.34194717549441,49.398705354995535,49.398705354995535,29.74488129694222,1
117,3.0,4.5,180.0,6.5,0.6114980619984373,False,jitter>50000,False,0.5309608445452402,0.8918529045114386,0.5588235294117647,104.42704798185677,152.7397407141333,118.97592282599354,8.0,81043.99222802279,1.0,75.0799099653603,112.61986494804043,56.30993247402022,56.30993247402022,23.962488974578182,1
118,4.0,4.5,180.0,3.5,0.6040079016248274,False,jitter>50000,False,0.5303913502785479,0.9030947458731458,0.5273109243697479,104.52955694986139,142.05999142051158,105.89104904493318,9.0,66477.53589609872,1.0,64.4886142179064,96.73292132685961,48.3664606634298,48.3664606634298,33.690067525979785,1
119,3.0,3.5,150.0,3.5,0.6039456548577062,False,jitter>50000,False,0.4412179725702301,0.8547085529469892,0.7079831932773109,120.58076493735858,188.02687470036028,159.84080839755035,5.0,75530.35357073302,1.0,64.37978596182849,94.34194717549441,49.398705354995535,49.398705354995535,29.74488129694222,1
120,2.5,3.5,150.0,3.5,0.5742846021266209,False,jitter>50000,False,0.4867941736467546,0.8823787529868063,0.5147058823529411,112.37704874358417,161.74018466253395,128.6632443191951,10.0,74183.2430350122,1.0,70.85077026732831,103.6276663859337,54.46232220802562,54.46232220802562,23.198590513648185,1
