rank,h_m,r_m,rel_az_deg,score,valid,flag_reason,pareto,pose_fidelity,absolute_placement,stability,mpjpe_aligned_mm,mpjpe_mm,registration_offset_mm,id_drops,jitter_variance,joint_visibility_both,convergence_angle_deg,tilt_deg,n_subjects
1,3.5,4.5,180.0,0.9000231979730943,True,ok,True,0.8411158460132758,0.9659239358078919,0.9542682926829268,48.59914771761034,82.37226098250272,67.95353585743801,0.0,1654.592939694019,1.0,104.2500326978036,29.054604099077146,1
2,3.5,4.0,180.0,0.8995255095662735,True,ok,True,0.8362468231732205,0.9687482947763653,0.958841463414634,49.47557182882031,79.68911996245302,64.92973666564586,0.0,1484.4972814548987,1.0,97.62814966858072,32.005383208083494,1
3,3.0,4.0,180.0,0.8988557802329334,True,ok,True,0.8385975391839499,0.9640960288145485,0.9557926829268293,49.052442946889016,84.10877262617899,68.73493709128566,0.0,1638.3234327213324,0.8666666666666667,106.26020470831197,26.56505117707799,1
4,3.0,3.5,180.0,0.8958290079359057,True,ok,False,0.8402288069818569,0.960890095395618,0.9451219512195121,48.75881474326575,87.15440937416292,73.47741104483029,0.0,2013.89750531956,1.0,98.79741070999107,29.74488129694222,1
5,4.0,4.0,180.0,0.8915336676261233,True,ok,True,0.82019688332453,0.9666273493314868,0.9603658536585366,52.36456100158459,81.70401813508758,66.78377825612444,0.0,1327.5440850815144,1.0,90.0,36.86989764584402,1
6,3.5,4.5,150.0,0.890136688192395,True,ok,False,0.8303179221557682,0.9617788794749934,0.9420731707317073,50.542774011961754,86.31006449875625,70.94656203913597,0.0,2031.7492860065254,1.0,99.36233448138768,29.054604099077146,1
7,3.5,4.0,150.0,0.8883640931310546,True,ok,False,0.8271030292281785,0.9632397218531189,0.9405487804878049,51.12145473892786,84.92226423953706,69.3902971220001,0.0,2124.5362791756975,1.0,93.2598224733095,32.005383208083494,1
8,3.0,4.5,150.0,0.8878091673470629,True,ok,False,0.8293766374744911,0.9570676576832339,0.9390243902439024,50.7122052545916,90.7857252009278,75.11237022111736,0.0,2194.9511573886125,1.0,106.9695684757849,23.962488974578182,1
9,3.0,4.5,180.0,0.8862018854081056,True,ok,False,0.8325957592440222,0.9615627118573019,0.9253048780487805,50.13276333607602,86.51542373556326,70.73901137782516,1.0,1849.1424606477979,0.6666666666666666,112.61986494804043,23.962488974578182,1
10,3.0,4.0,150.0,0.8850695370257677,True,ok,False,0.8310024192909443,0.9530245637307463,0.9298780487804877,50.41956452763004,94.62666445579099,80.54818631414601,0.0,2463.098534440652,1.0,101.20127956205536,26.56505117707799,1
11,4.0,4.5,180.0,0.8841916421878111,True,ok,False,0.8294271695288463,0.961719555409623,0.9237804878048781,50.703109484807655,86.36642236085818,72.60244272601082,1.0,1999.8112183098208,1.0,96.73292132685961,33.690067525979785,1
12,3.5,5.0,180.0,0.8830502146432495,True,ok,False,0.8312482249836762,0.9651792912448616,0.9146341463414633,50.3753195029383,83.07967331738155,66.64879503272512,2.0,1709.1516590964497,1.0,110.01595960288267,26.56505117707799,1
13,4.5,5.0,180.0,0.8806642401697404,True,ok,False,0.8139896744312812,0.9666701855022061,0.9344512195121951,53.48185860236938,81.66332377290432,65.41884948802031,1.0,1596.1369052212244,1.0,96.02557500836669,34.99202019855866,1
14,2.5,3.5,150.0,0.8796792860913885,True,ok,False,0.8215788623094668,0.9519187868783974,0.9283536585365854,52.11580478429599,95.67715246552245,80.5278893167381,0.0,2507.952461835466,0.9333333333333333,103.6276663859337,23.198590513648185,1
15,3.0,3.5,150.0,0.8758937121190951,True,ok,False,0.8292596504577977,0.9549474832314692,0.9009146341463414,50.73326291759642,92.79989093010433,78.98274076088633,1.0,2649.266748708169,1.0,94.34194717549441,29.74488129694222,1
16,4.0,4.0,150.0,0.8744077136067996,True,ok,False,0.8053519946927131,0.9615549227656297,0.9314024390243902,55.03664095531164,86.52282337265183,69.88849954168569,0.0,2419.478311760579,1.0,86.15903428374187,36.86989764584402,1
17,3.5,3.5,150.0,0.8726641408090452,True,ok,False,0.8133082056375842,0.962672141170777,0.9115853658536586,53.60452298523485,85.4614658877618,69.71680755638113,1.0,2332.2549097448923,1.0,86.15903428374187,35.53767779197438,1
18,3.0,3.0,150.0,0.8716217827173094,True,ok,False,0.810057761635139,0.9587267046206507,0.9161585365853658,54.18960290567497,89.20963061038184,73.57368363390157,0.0,3031.476312007861,1.0,86.15903428374187,33.690067525979785,1
19,2.5,4.0,150.0,0.8713922030397203,True,ok,False,0.811023974189288,0.9483035187497717,0.9207317073170731,54.015684645928175,99.11165718771692,83.27013560056878,0.0,2736.774357335873,0.8666666666666667,109.99029470647366,20.556045219583467,1
20,4.5,4.5,150.0,0.8657866297279553,True,ok,False,0.7943515838789867,0.9596700426008465,0.9222560975609756,57.016714901782386,88.31345952919588,71.07218984355421,0.0,2684.412152747308,1.0,86.15903428374187,37.874983651098205,1
21,2.5,4.5,150.0,0.8629016251979165,True,ok,False,0.7982673597949246,0.9423153362583686,0.9176829268292682,56.31187523691358,104.80043055454986,88.18281977669922,0.0,2967.4765025884494,0.8,115.20923155492801,18.43494882292201,1
22,2.5,3.0,180.0,0.8623600683618453,True,ok,False,0.8194042091246765,0.9599361604609501,0.8689024390243902,52.50724235755823,88.06064756209742,72.45553294916328,4.0,2510.2259343014202,0.8,100.38885781546962,26.56505117707799,1
23,3.5,3.5,180.0,0.8601976621664453,True,ok,False,0.8220412845241117,0.9653972946438988,0.8536585365853658,52.03256878565989,82.87257008829613,67.9541899994923,7.0,1770.504621232585,1.0,90.0,35.53767779197438,1
24,2.5,5.0,60.0,0.8589088974141511,True,ok,False,0.7878790376186665,0.9551822588777479,0.913109756097561,58.18177322864002,92.57685406613955,70.80969893771334,1.0,2308.3314778598956,1.0,53.13010235415599,16.69924423399362,1
25,3.5,5.0,150.0,0.8582096092057616,True,ok,False,0.8241462637541996,0.9570543378628208,0.8490853658536586,51.653672524244065,90.79837903032028,74.28254847432238,1.0,4576.51540990964,1.0,104.61756669568551,26.56505117707799,1
26,2.5,4.5,90.0,0.8571148149670281,True,ok,False,0.7883266952707569,0.9450927025119069,0.913109756097561,58.101194851263756,102.16193261368846,84.99869702485356,0.0,3166.775232967201,1.0,76.3583229709878,18.43494882292201,1
27,4.0,5.0,180.0,0.8546418348598555,True,ok,True,0.8314636058915755,0.9689404034727771,0.8170731707317073,50.3365509395164,79.50661670086171,63.403438791236404,8.0,2348.0258154618805,1.0,102.68038349181982,30.96375653207352,1
28,2.5,3.0,150.0,0.8527078168844922,True,ok,False,0.8070085209490151,0.9495238796108989,0.8643292682926829,54.73846622917726,97.95231436964606,82.16542261053587,1.0,4044.4871644473046,1.0,95.81178297924637,26.56505117707799,1
29,2.0,4.0,60.0,0.8522352603038502,True,ok,False,0.8012867957944638,0.9523190681306528,0.8704268292682926,55.7683767569965,95.29688527587984,75.53704575216548,1.0,3838.758905194066,1.0,53.13010235415599,14.036243467926479,1
30,2.5,5.0,150.0,0.850649752908448,True,ok,False,0.7821455798244406,0.9350799369323588,0.9085365853658536,59.213795631600696,111.67405991425913,94.30525262621036,0.0,3259.390496738796,0.6666666666666666,119.52612239367902,16.69924423399362,1
31,1.5,3.5,60.0,0.8495251150241963,True,ok,False,0.8026252107320082,0.9468552312177898,0.8628048780487806,55.52746206823851,100.48753034309972,81.30341703492776,5.0,2235.3160893096406,1.0,54.71905223641757,8.130102354155978,1
32,2.0,5.0,60.0,0.8476611068822796,True,ok,False,0.7767962977877308,0.9518025948201191,0.8963414634146342,60.17666639820844,95.78753492088681,73.6894139943258,1.0,2899.2320158808934,1.0,55.32188041333616,11.309932474020215,1
33,2.5,4.0,60.0,0.84727348300208,True,ok,False,0.8026431382227759,0.9515583499412655,0.8521341463414633,55.52423511990033,96.01956755579766,77.11061673355606,7.0,1821.4548416113125,1.0,50.174658857227705,20.556045219583467,1
34,2.0,4.0,90.0,0.8470121423592044,True,ok,False,0.7830824311970727,0.935129024047243,0.8948170731707317,59.045162384526904,111.62742715511926,94.47130135363349,0.0,3812.8385488397103,1.0,78.46304096718453,14.036243467926479,1
35,3.0,5.0,120.0,0.8465284846079961,True,ok,False,0.7944977307985506,0.9430444375070189,0.8689024390243902,56.99040845626089,104.10778436833199,88.86576960136996,2.0,3279.4491317517636,1.0,95.90856184597654,21.80140948635181,1
36,1.5,4.5,60.0,0.8449784665796194,True,ok,False,0.7720972525036405,0.950137006517045,0.896341463414634,61.022494549344714,97.36984380880727,75.45488772178932,0.0,3684.540456356948,1.0,56.63298703076825,6.340191745909909,1
37,2.5,4.0,90.0,0.8437302893573182,True,ok,False,0.791732270388946,0.9451134537410548,0.8628048780487805,57.488191329989704,102.14221894599797,84.93590201253527,3.0,3215.0366911928536,1.0,73.68614022272233,20.556045219583467,1
38,2.5,3.5,90.0,0.8433421361665853,True,ok,False,0.7926201930844045,0.9478126371463056,0.8582317073170731,57.32836524480721,99.57799471100964,81.73158147502147,3.0,3346.334776748204,1.0,70.25480189943846,23.198590513648185,1
39,3.5,3.0,150.0,0.8424369986940643,True,ok,False,0.7771681316062069,0.9567646644548046,0.875,60.10973631088277,91.07356876793558,73.94762595313804,1.0,3659.513057228489,1.0,77.89620311073523,39.8055710922652,1
40,3.0,3.0,180.0,0.8416709327716014,True,ok,False,0.8213984300123793,0.9635476132173024,0.7942073170731707,52.14828259777173,84.62976744356274,70.09573856557408,9.0,2589.2772487836273,1.0,90.0,33.690067525979785,1
41,2.5,4.0,120.0,0.8404856148935114,True,ok,False,0.7854874214496133,0.9376424476727916,0.8673780487804879,58.61226413906962,109.23967471084806,94.42548109950432,1.0,3917.9333110961265,1.0,94.51106878031649,20.556045219583467,1
42,1.5,3.5,90.0,0.8381956655836362,True,ok,False,0.7762850005671805,0.9309060704026685,0.8795731707317073,60.2686998979075,115.63923311746494,97.59438758179371,0.0,4376.700690637812,1.0,81.07320417895299,8.130102354155978,1
43,2.0,4.0,120.0,0.8362830333237772,True,ok,False,0.7706095577659795,0.9263851746429618,0.885670731707317,61.290279602123675,119.93408408918627,105.59679377862751,0.0,4061.729632382114,1.0,101.53695903281547,14.036243467926479,1
44,2.0,3.5,90.0,0.834967036033629,True,ok,False,0.787348790038637,0.9396949123886256,0.8445121951219512,58.27721779304535,107.28983323080574,89.72846101043524,4.0,3545.809346759286,1.0,75.7499673021964,15.945395900922854,1
45,3.0,4.0,90.0,0.8345448406502574,True,ok,False,0.7881901725556558,0.9423402352767818,0.8399390243902439,58.12576893998195,104.77677648705736,88.42349574208423,5.0,3081.3912745678813,1.0,68.89980397590698,26.56505117707799,1
46,3.0,5.0,150.0,0.8332931896165457,True,ok,False,0.817544732718556,0.9518724089692657,0.7804878048780488,52.841948110659935,95.72121147919762,79.2011884787054,9.0,3186.8150526978598,1.0,111.84379943901526,21.80140948635181,1
47,1.5,4.0,90.0,0.8302999785554908,True,ok,False,0.7655671473548737,0.9319417804878306,0.8704268292682926,62.197913476122736,114.65530853656091,97.12579708132029,0.0,4623.8452521586305,1.0,82.91811830971423,7.125016348901798,1
48,1.5,5.0,60.0,0.8296641479384266,True,ok,False,0.7512306719266326,0.9463111330462832,0.8826219512195121,64.77847905320614,101.00442360603098,77.00977516606277,0.0,4190.840221844332,1.0,57.228883359680886,5.710593137499643,1
49,2.0,5.0,120.0,0.8264429345030724,True,ok,False,0.7732025429343078,0.9164339249356902,0.8551829268292683,60.8235422718246,129.3877713110943,115.36466404146059,1.0,4412.734436379382,1.0,107.0438466150983,11.309932474020215,1
50,3.0,4.0,120.0,0.8258077418920521,True,ok,False,0.7784982827497676,0.9457503196590116,0.8246951219512195,59.87030910504182,101.53719632393903,84.97063226448013,2.0,4987.140353990224,1.0,87.70755722404411,26.56505117707799,1
51,3.0,5.0,90.0,0.8243532444197027,True,ok,False,0.7755921020584239,0.9388835279280636,0.8292682926829269,60.393421629483704,108.06064846833954,90.91062663495707,5.0,3478.7321875592093,1.0,74.65052298299187,21.80140948635181,1
52,3.5,5.0,120.0,0.8232340161188907,True,ok,False,0.7955703690858495,0.9405063530017802,0.791158536585366,56.797333564547074,106.5189646483088,91.59364107214257,4.0,5766.3833400748645,1.0,90.38453831980483,26.56505117707799,1
53,2.0,4.5,90.0,0.8222572494199952,True,ok,False,0.7699449464140998,0.9356616859427755,0.8338414634146342,61.409909645462015,111.12139835436324,93.31286978337181,3.0,4243.44388823155,1.0,80.5057599520959,12.528807709151511,1
54,2.0,3.0,90.0,0.8219058462683358,True,ok,False,0.7686045083680966,0.9395423506653403,0.8323170731707317,61.651188493742595,107.43476686792671,87.88063190293987,1.0,5594.169625859836,1.0,72.07978686060771,18.43494882292201,1
55,3.5,4.5,60.0,0.8218654741457978,True,ok,False,0.7629896251817156,0.9442313565551878,0.8384146341463414,62.661867467291174,102.98021127257161,82.2500220029779,2.0,4456.279623099129,1.0,46.491550647117855,29.054604099077146,1
56,2.0,3.5,120.0,0.8213044756152375,True,ok,False,0.7536127891933161,0.9259965026538728,0.8643292682926829,64.34969794520312,120.30332247882085,103.54571778650522,0.0,4953.003092163716,1.0,97.51404546890747,15.945395900922854,1
57,3.0,4.5,90.0,0.8203258613429345,True,ok,False,0.7706313959185827,0.9448678900889477,0.8201219512195121,61.286348734655114,102.37550441549963,83.33944008197854,3.0,4902.100923781044,1.0,72.07978686060771,23.962488974578182,1
58,3.0,3.5,90.0,0.8190753402939588,True,ok,False,0.7719283594912364,0.9445192173758495,0.8140243902439025,61.052895291577435,102.70674349294293,84.54447646333126,5.0,4007.5589481145953,1.0,64.94238458169698,29.74488129694222,1
59,3.0,4.5,120.0,0.8188628960454053,True,ok,False,0.7972367099923325,0.9373507540266829,0.7759146341463415,56.49739220138015,109.51678367465122,95.31501093291844,5.0,5703.383775130626,1.0,92.20422750397204,23.962488974578182,1
60,2.0,3.0,150.0,0.8156011341956334,True,ok,False,0.7619336375306386,0.9384154795905948,0.823170731707317,62.85194524448506,108.50529438893504,88.68698998961881,2.0,5022.925528977337,0.6666666666666666,106.9695684757849,18.43494882292201,1
61,3.5,4.5,120.0,0.8141258254111218,True,ok,False,0.7697472553321698,0.9458036716520137,0.8003048780487805,61.44549404020945,101.48651193058696,83.20424248235007,4.0,5347.34877482271,1.0,86.25106304061794,29.054604099077146,1
62,2.5,3.0,90.0,0.8141121968924869,True,ok,False,0.7663574547048626,0.9473502745295463,0.8048780487804877,62.055658153124725,100.01723919693099,80.23380477812589,3.0,5640.898236897172,1.0,65.80546288570928,26.56505117707799,1
63,2.5,4.5,120.0,0.8140512077243098,True,ok,False,0.7905358398848137,0.9300444876900025,0.7759146341463414,57.70354882073354,116.4577366944976,102.47364234674397,8.0,3897.749074329771,1.0,98.40830462026815,18.43494882292201,1
64,2.5,4.5,60.0,0.8140055403787083,True,ok,False,0.8001078479938989,0.9493312526405012,0.7469512195121951,55.9805873610982,98.13530999152388,79.42317307036842,17.0,2027.3087718408012,1.0,51.83526956247374,18.43494882292201,1
65,3.0,5.0,60.0,0.8134448232496461,True,ok,False,0.7788055060102288,0.9494786439055852,0.7804878048780488,59.81500891815881,97.99528828969407,76.370898086854,2.0,10332.425760896374,1.0,50.776067601399546,21.80140948635181,1
66,2.5,5.0,90.0,0.8127935641111279,True,ok,False,0.7758674586862568,0.9398479543278027,0.7896341463414633,60.34385743647377,107.1444433885874,88.54332985632995,2.0,8252.104066046646,1.0,78.46304096718451,16.69924423399362,1
67,4.5,5.0,150.0,0.8098316199261191,True,ok,False,0.7950962788125356,0.9524235001602318,0.739329268292683,56.88266981374356,95.19767484777975,78.03077640562636,5.0,11360.69296608048,1.0,91.77377458144545,34.99202019855866,1
68,4.0,4.5,150.0,0.8090619406754846,False,jitter>50000,False,0.8092159504319243,0.9521478760781004,0.7134146341463414,54.34112892225363,95.45951772580467,78.61185020375528,4.0,53955.27172473744,1.0,92.43009235908585,33.690067525979785,1
69,1.5,4.5,90.0,0.8088889659716624,True,ok,False,0.7653806909758708,0.9305357853454639,0.8003048780487805,62.23147562434325,115.9910039218094,97.368757150211,2.0,7471.415702954606,1.0,84.26082952273322,6.340191745909909,1
70,4.5,4.5,180.0,0.8061884188591477,True,ok,False,0.8024145530279261,0.9547837605064114,0.7134146341463414,55.5653804549733,92.95542751890909,77.51996397289439,6.0,16523.82798770635,1.0,90.0,37.874983651098205,1
71,2.5,3.5,120.0,0.8051620949165149,True,ok,False,0.7506561506240677,0.9372798541199665,0.8079268292682926,64.88189288766782,109.58413858603186,92.98644282317787,1.0,8125.851257663919,1.0,89.61286340889626,23.198590513648185,1
72,2.0,5.0,90.0,0.8043912151490304,True,ok,False,0.7525846464407293,0.9331773864725971,0.8048780487804879,64.53476364066873,113.48148285103271,93.2928906897703,2.0,7071.738326505759,1.0,82.07185823379778,11.309932474020215,1
73,4.0,5.0,150.0,0.8016551039466469,True,ok,False,0.8168507037868602,0.9509048578270596,0.676829268292683,52.96687331836517,96.64038506429338,81.67524183862287,11.0,9337.416140941232,1.0,97.92173991239194,30.96375653207352,1
74,2.0,4.5,60.0,0.8002627065645427,True,ok,False,0.7879852145683057,0.9543687890848754,0.7179878048780488,58.16266137770497,93.34965036936826,71.65599343307291,13.0,4106.136915228794,1.0,54.37524459680167,12.528807709151511,1
75,3.5,4.0,120.0,0.798287998479823,True,ok,False,0.7581504825741017,0.9481979323053248,0.7652439024390244,63.53291313666169,99.21196430994144,80.42694680226585,6.0,5601.584796878855,1.0,81.34743033874264,32.005383208083494,1
76,5.0,5.0,180.0,0.7969446736836778,True,ok,False,0.7810296106828674,0.9528810490282941,0.7195121951219512,59.41467007708388,94.76300342312062,76.89930015492804,4.0,43070.31050470632,1.0,90.0,38.659808254090095,1
77,1.5,3.5,120.0,0.7948712216205107,True,ok,False,0.718758852916981,0.910690683127174,0.8445121951219512,70.6234064749434,134.8438510291846,116.32400021113716,0.0,6521.323625998245,1.0,105.5001785669987,8.130102354155978,1
78,2.0,3.5,60.0,0.7942697509249297,True,ok,False,0.7856653782614602,0.9462096992149007,0.7073170731707317,58.58023191293717,101.10078574584429,81.24443062459873,13.0,4523.262312473114,1.0,51.45882249174225,15.945395900922854,1
79,4.0,5.0,120.0,0.7927881724789198,True,ok,False,0.7706367623664824,0.9489343223320517,0.725609756097561,61.28538277403317,98.51239378455094,80.11693201744043,9.0,5485.043056935961,1.0,85.10293679227723,30.96375653207352,1
80,2.5,5.0,120.0,0.7927699617566022,True,ok,False,0.7920198237900402,0.9296843956493739,0.7027439024390243,57.43643171779277,116.79982413309479,103.07458734444174,17.0,3612.7064117049626,1.0,101.53695903281547,16.69924423399362,1
81,1.5,4.0,60.0,0.7917413953275486,True,ok,False,0.7808469046951975,0.9501872758753593,0.7042682926829268,59.44755715486446,97.32208791840873,75.93379255198201,17.0,3558.799109752726,1.0,55.83044367242729,7.125016348901798,1
82,5.0,5.0,150.0,0.791247445343472,False,jitter>50000,False,0.7708344391762066,0.9407364946305018,0.725609756097561,61.2498009482828,106.30033010102325,88.11356268563102,2.0,80010.79060977137,1.0,86.15903428374189,38.659808254090095,1
83,2.0,3.0,120.0,0.790642999599029,True,ok,False,0.7317852916551917,0.9255810371498486,0.7987804878048781,68.27864750206548,120.69801470764378,99.76250172345284,3.0,6394.717003085281,1.0,92.20422750397204,18.43494882292201,1
84,3.5,5.0,90.0,0.7893908353050055,True,ok,False,0.7592095295496427,0.9376498648460426,0.7408536585365854,63.342284681064314,109.23262839625957,90.54233347744538,6.0,8194.909252514113,1.0,70.80046026609166,26.56505117707799,1
85,1.5,4.5,120.0,0.7880484461974748,True,ok,False,0.7199837070005024,0.9009536951934355,0.8262195121951219,70.40293273990957,144.09398956623627,127.60901412471281,0.0,8602.80588326451,1.0,110.48731511472266,6.340191745909909,1
86,2.5,2.5,180.0,0.782134052878565,True,ok,False,0.7376309211587255,0.9438795468618647,0.7484756097560976,67.22643419142942,103.31443048122851,81.51465084456834,6.0,7543.034598216013,1.0,90.0,30.96375653207352,1
87,1.5,5.0,120.0,0.778444105591621,True,ok,False,0.7041755890894856,0.8970254576734155,0.823170731707317,73.24839396389258,147.82581521025526,131.6997772742931,0.0,9175.588242786558,1.0,112.0952091427793,5.710593137499643,1
88,3.0,4.0,60.0,0.7781454318837798,False,jitter>50000,False,0.7634468869696418,0.9440001858972334,0.6920731707317074,62.579560345464465,103.19982339762828,81.18487398056004,5.0,61516.213291085674,1.0,47.15635695640366,26.56505117707799,1
89,2.0,4.5,120.0,0.7761310638349227,True,ok,False,0.7770739627437054,0.9204399245104717,0.6783536585365854,60.126686706133036,125.58207171505181,111.52257656349772,17.0,4470.226140540706,1.0,104.63007725190404,12.528807709151511,1
90,4.0,4.5,90.0,0.7756828973663878,True,ok,False,0.736766163809263,0.9389381016990259,0.7317073170731707,67.38209051433266,108.00880338592539,87.17523050216414,10.0,4789.989101921408,1.0,63.80808027748721,33.690067525979785,1
91,3.5,5.0,60.0,0.7746297904432444,True,ok,False,0.7555751781846687,0.9461012506569892,0.6920731707317073,63.99646792675964,101.20381187586021,77.40798621985127,8.0,13114.336158901848,1.0,48.36142462055131,26.56505117707799,1
92,2.5,3.5,60.0,0.7744760020968133,True,ok,False,0.7648604955027767,0.9335519424588321,0.6844512195121951,62.3251108095002,113.12565466410942,90.08647446992909,7.0,39770.04510172608,1.0,48.01631881379589,23.198590513648185,1
93,3.5,3.5,120.0,0.7737836036376426,True,ok,False,0.73637087308561,0.9418627866937006,0.7240853658536586,67.45324284459019,105.23035264098439,86.75199826832093,5.0,19650.082978646962,1.0,75.52248781407006,35.53767779197438,1
94,3.5,3.0,180.0,0.7735915519150812,True,ok,False,0.787912240037438,0.9538174033842504,0.6295731707317073,58.17579679326115,93.87346678496219,78.07086978164132,13.0,24200.122592692853,1.0,81.20258929000894,39.8055710922652,1
95,3.0,3.5,60.0,0.7717126648587688,True,ok,False,0.7585874933173837,0.9445641031955064,0.6783536585365854,63.45425120287092,102.66410196426887,81.64045056310358,16.0,5312.304089591298,1.0,44.62132136407958,29.74488129694222,1
96,3.0,3.0,120.0,0.7713901324105997,True,ok,False,0.7191486567562648,0.9432253616257511,0.7439024390243902,70.55324178387232,103.93590645553647,83.01070588054837,6.0,8121.486672926951,1.0,75.52248781407006,33.690067525979785,1
97,3.0,3.5,120.0,0.7704320122258238,True,ok,False,0.7413962700843393,0.9422669468938807,0.7042682926829268,66.54867138481895,104.84640045081333,85.60468778261944,9.0,7687.511024614899,1.0,82.22437237487944,29.74488129694222,1
98,3.5,4.0,90.0,0.7701190484034499,True,ok,False,0.7356467271647594,0.9459296436175463,0.7103658536585366,67.5835891103433,101.36683856333104,78.76862545669827,9.0,7147.104473986858,1.0,64.30195626747476,32.005383208083494,1
99,3.0,2.5,180.0,0.7695774097564801,True,ok,False,0.7293990386359719,0.9451211595095441,0.7195121951219512,68.70817304552506,102.13489846593309,80.50849095297535,7.0,10373.242145947406,1.0,79.61114218453038,38.659808254090095,1
100,4.0,4.0,120.0,0.7641946627818318,False,jitter>50000,False,0.7348549266917597,0.9365798996187842,0.6981707317073171,67.72611319548328,110.249095362155,91.74143085870314,5.0,52823.33072646389,1.0,75.52248781407008,36.86989764584402,1
101,4.0,4.5,60.0,0.764174673246719,True,ok,False,0.7354337961427178,0.9350327783158247,0.698170731707317,67.62191669431083,111.71886059996653,88.10254951386531,6.0,36622.09469440467,1.0,43.888550965201816,33.690067525979785,1
102,2.5,3.0,120.0,0.7622486644287644,True,ok,False,0.7338983766868388,0.9338144535974566,0.6951219512195121,67.89829219636903,112.87626908241617,93.28694925758766,11.0,7303.110171703672,1.0,83.41055797302093,26.56505117707799,1
103,1.5,3.0,120.0,0.7617634855799167,True,ok,False,0.6977325023198891,0.9143337330754704,0.7667682926829269,74.40814958241995,131.38295357830322,107.7662557256819,4.0,8650.689158171685,1.0,101.53695903281547,9.462322208025617,1
104,4.0,5.0,90.0,0.761071943744446,True,ok,False,0.7071279757834897,0.9399788036537499,0.7317073170731707,72.71696435897185,107.02013652893771,81.94230268093207,8.0,6219.6716107958355,1.0,67.03032342765592,30.96375653207352,1
105,3.5,4.0,60.0,0.760476801199506,True,ok,False,0.7395163647162976,0.945208947865323,0.6722560975609756,66.88705435106644,102.0514995279432,77.43620150783975,9.0,13244.496678429188,1.0,44.20792594301601,32.005383208083494,1
106,3.0,3.0,60.0,0.7578958982173923,True,ok,False,0.7232579568987243,0.9363650866450292,0.6966463414634145,69.81356775822961,110.45316768722222,87.87125567675967,10.0,7917.3434097801055,1.0,41.40962210927084,33.690067525979785,1
107,2.5,3.0,60.0,0.757329068521522,True,ok,False,0.7268726849916741,0.9359270447625712,0.6890243902439024,69.16291670149866,110.86930747555748,86.82347513865072,9.0,9511.18335974328,1.0,45.17707757596975,26.56505117707799,1
108,1.5,5.0,90.0,0.756206313324971,True,ok,False,0.7412789691444885,0.9240231681538772,0.6692073170731707,66.56978555399205,122.17799025381665,101.58817899033068,17.0,4932.566572402137,1.0,85.26376375432812,5.710593137499643,1
109,3.0,3.0,90.0,0.7535410177788505,True,ok,False,0.7015681939767208,0.9390894820012312,0.7164634146341463,73.71772508419026,107.86499209883034,83.03761323424588,6.0,13225.042754138778,1.0,59.99999999999999,33.690067525979785,1
110,3.5,4.5,90.0,0.7524491875615281,True,ok,False,0.7622153590164359,0.9375002231933801,0.6128048780487805,62.80123537704153,109.37478796628888,91.3187435491137,18.0,10512.277511004975,1.0,67.85677929855194,29.054604099077146,1
111,4.0,5.0,60.0,0.7474233288415519,True,ok,False,0.7187610585347264,0.940976192992895,0.6661585365853658,70.62300946374924,106.0726166567497,76.95548264845084,11.0,11822.939788731874,1.0,45.96306405806085,30.96375653207352,1
112,4.0,4.0,60.0,0.746148011234274,False,jitter>50000,False,0.7256907791010497,0.9287082303699653,0.6585365853658537,69.37565976181106,117.7271811485329,93.76939406800304,7.0,104120.4805670383,1.0,41.40962210927087,36.86989764584402,1
113,4.5,5.0,120.0,0.7394699319727238,True,ok,False,0.7241960401202099,0.9356400473679721,0.6341463414634146,69.64471277836222,111.14195500042648,90.7029929226705,13.0,19098.597712141982,1.0,80.13829048680303,34.99202019855866,1
114,4.5,4.5,120.0,0.7369990077541063,True,ok,False,0.7072684364763837,0.9267324841649384,0.6600609756097561,72.69168143425092,119.60414004330862,99.89118657312757,9.0,27116.721109325317,1.0,75.52248781407006,37.874983651098205,1
115,4.0,4.0,90.0,0.7356111862536778,True,ok,False,0.687432522921426,0.9373709654282387,0.6814024390243902,76.26214587414331,109.49758284317313,82.90264879275924,8.0,23176.79128997667,1.0,60.00000000000001,36.86989764584402,1
116,1.5,3.0,60.0,0.735316799908471,False,jitter>50000,False,0.7339029117948905,0.8608815981039092,0.6539634146341463,67.89747587691973,182.16248180128625,161.5187739693881,6.0,196163.42183531437,1.0,53.13010235415597,9.462322208025617,1
117,3.5,3.0,60.0,0.7339088063781765,True,ok,False,0.6559871797711857,0.9274419361214543,0.7347560975609757,81.92230764118658,118.93016068461843,90.88721660559314,5.0,12570.628476269008,0.8666666666666667,37.97909853282036,39.8055710922652,1
118,4.5,4.5,90.0,0.7338150458676913,True,ok,False,0.660889625921413,0.9307231157544359,0.7240853658536586,81.03986733414567,115.81304003328586,89.25192079587116,6.0,11412.382895516335,1.0,60.00000000000001,37.874983651098205,1
119,2.5,2.5,150.0,0.7284417033804695,True,ok,False,0.6902149305810585,0.9288663124009209,0.6585365853658536,75.76131249540947,117.57700321912506,93.41561483190083,8.0,48775.286005464855,1.0,86.15903428374189,30.96375653207352,1
120,3.5,3.5,90.0,0.7258115112342491,True,ok,False,0.6850825187937416,0.9376927226015259,0.6524390243902439,76.68514661712652,109.19191352855034,83.50691710047073,12.0,13204.19887578015,1.0,60.00000000000001,35.53767779197438,1
121,3.5,3.5,60.0,0.7256706055581321,True,ok,False,0.6978018999144636,0.9326287658093795,0.6341463414634146,74.39565801539655,114.0026724810895,87.3214194183593,12.0,29772.68926986867,1.0,41.40962210927086,35.53767779197438,1
122,3.5,3.0,120.0,0.7186256546302912,True,ok,False,0.650568025093369,0.9285984543204724,0.6920731707317073,82.89775548319359,117.83146839555125,94.8613674651829,7.0,29320.883311602138,1.0,68.61051667381506,39.8055710922652,1
123,1.5,3.0,90.0,0.716168407141973,False,jitter>50000,False,0.7196921764879025,0.9058493993681576,0.5838414634146342,70.45540823217753,139.4430706002503,117.52585218454382,16.0,78117.04603524119,1.0,78.46304096718453,9.462322208025617,1
124,4.5,4.5,60.0,0.709740166247564,False,jitter>50000,False,0.6571161501820776,0.9272519191972602,0.6524390243902439,81.71909296722603,119.1106767626028,85.28917733202843,8.0,55863.34019457889,1.0,41.40962210927086,37.874983651098205,1
125,4.5,5.0,60.0,0.7096650563842914,False,jitter>50000,False,0.6742695856745949,0.9137183909057022,0.6326219512195121,78.63147457857292,131.967528639583,100.10980960058765,8.0,155437.19016158066,1.0,43.634464924701625,34.99202019855866,1
126,5.0,5.0,120.0,0.7055262677505232,False,jitter>50000,False,0.6728108807304972,0.9126773076580801,0.6219512195121951,78.8940414685105,132.95655772482394,108.25352146052442,10.0,96656.06106101112,1.0,75.52248781407008,38.659808254090095,1
127,2.0,3.0,60.0,0.7046628714898554,False,jitter>50000,False,0.7129040974640853,0.8790114308622345,0.5746951219512195,71.67726245646465,164.93914068087713,143.55623329068916,15.0,158372.11007684932,1.0,49.16778297253094,18.43494882292201,1
128,3.0,2.5,120.0,0.7007180829467471,False,jitter>50000,False,0.643325345298044,0.9143319295374058,0.6539634146341463,84.20143784635209,131.38466693946438,106.05666590893654,8.0,55829.574136481984,1.0,67.34099301663021,38.659808254090095,1
129,2.0,2.5,150.0,0.7005565143549166,False,jitter>50000,False,0.6561642953574282,0.8928596382590612,0.6463414634146342,81.89042683566294,151.78334365389182,124.41329309702621,8.0,81340.33938468597,0.8,97.92173991239194,21.80140948635181,1
130,1.5,2.5,90.0,0.6854604959302208,True,ok,False,0.6210564496562035,0.8960028189252295,0.6524390243902438,88.20983906188336,148.79732202103202,119.19569615901847,9.0,38628.779645052455,1.0,74.65052298299187,11.309932474020215,1
131,2.5,2.5,90.0,0.6823268352826741,True,ok,False,0.6222949709385455,0.9138235783352997,0.6280487804878049,87.98690523106181,131.86760058146524,98.88885801182454,13.0,25875.03756720752,1.0,60.00000000000001,30.96375653207352,1
132,2.0,2.5,120.0,0.6776763775741904,True,ok,False,0.5977504534358691,0.910774046964206,0.6554878048780487,92.40491838154357,134.76465538400436,105.69897986668727,10.0,26583.63681843319,1.0,85.10293679227723,21.80140948635181,1
133,3.0,2.5,150.0,0.6691632162315403,False,jitter>50000,False,0.6508479848048188,0.8520802654871178,0.5777439024390244,82.84736273513262,190.52374778723808,165.83508670697944,12.0,260528.81678649492,1.0,76.3944954800035,38.659808254090095,1
134,3.0,2.5,90.0,0.6649887427015793,True,ok,False,0.5939231508047745,0.9186419340569353,0.6143292682926829,93.09383285514059,127.29016264591148,93.20183683536051,13.0,41899.10439488773,1.0,53.831357652421254,38.659808254090095,1
135,2.5,2.5,120.0,0.6642989216878308,False,jitter>50000,False,0.6236636175454051,0.8842867840878362,0.5853658536585366,87.74054884182708,159.92755511655565,131.60446604835852,15.0,102255.76278603595,1.0,75.52248781407008,30.96375653207352,1
136,3.0,2.5,60.0,0.6530214239257273,True,ok,False,0.5449050469140654,0.9081798681971316,0.663109756097561,101.91709155546823,137.229125212725,105.66522767078494,8.0,42395.87353823031,0.8666666666666667,37.337001659844645,38.659808254090095,1
137,3.5,3.0,90.0,0.6429663365184786,False,jitter>50000,False,0.5907089066736108,0.8943094159083662,0.5625,93.67239679875006,150.40605488705208,118.74822885083285,16.0,189309.34270760205,1.0,54.79731643181306,39.8055710922652,1
138,5.0,5.0,60.0,0.6395919405956547,False,jitter>50000,False,0.5852132029799944,0.9026096223575564,0.5548780487804877,94.66162346360102,142.52085876032143,100.6568929330539,17.0,139161.12764623397,1.0,41.40962210927087,38.659808254090095,1
139,2.5,2.5,60.0,0.6393989764445063,True,ok,False,0.5508209265753192,0.9053084194427696,0.6097560975609756,100.85223321644254,139.95700152936882,112.36309374427869,13.0,48491.6478270858,1.0,41.40962210927087,30.96375653207352,1
140,5.0,5.0,90.0,0.6286521175840203,False,jitter>50000,False,0.5509704304353991,0.8832125606120913,0.5884146341463414,100.82532252162817,160.9480674185132,125.38712342694728,11.0,257499.0181160857,1.0,60.00000000000001,38.659808254090095,1
141,2.0,2.5,60.0,0.6200924807398427,False,jitter>50000,False,0.6175633124477262,0.7676821713603861,0.5259146341463414,88.83860375940928,270.70193720763325,244.89959761267158,17.0,434740.2925490734,1.0,45.96306405806085,21.80140948635181,1
142,1.5,2.0,120.0,0.5994772793449634,True,ok,False,0.4220863627918769,0.8766217092573199,0.7103658536585367,124.02445469746216,167.2093762055462,127.56212381436599,5.0,37004.56518896394,0.9333333333333333,87.70755722404411,14.036243467926479,1
143,2.0,2.5,90.0,0.5975597806891242,False,jitter>50000,False,0.5365767765230057,0.8414789133576193,0.5365853658536585,103.41618022585897,200.59503231026167,170.12134114082968,20.0,165280.65873148385,1.0,67.03032342765592,21.80140948635181,1
144,2.5,2.0,150.0,0.5956584556596534,False,jitter>50000,False,0.5067067310470746,0.8586291092171654,0.5685975609756098,108.79278841152657,184.30234624369294,151.53424262222828,16.0,143002.6931660398,1.0,74.22889435253646,36.86989764584402,1
145,2.0,1.5,180.0,0.5916246989671108,False,jitter>50000,False,0.4857415486878358,0.8337086475062082,0.6067073170731707,112.56652123618956,207.97678486910215,173.26131220391468,12.0,89726.76803457501,0.8666666666666667,73.73979529168804,33.690067525979785,1
146,1.5,2.5,120.0,0.58715364407009,False,jitter>50000,False,0.5367701389064362,0.784391653572164,0.5396341463414633,103.38137499684147,254.82792910644426,226.27402393521487,17.0,245883.0426998371,1.0,95.90856184597654,11.309932474020215,1
147,1.5,2.5,60.0,0.5841557519700175,False,jitter>50000,False,0.49581999427006823,0.807753164418819,0.5823170731707317,110.75240103138772,232.634493802122,201.01589148294494,11.0,320710.3152130588,1.0,50.776067601399546,11.309932474020215,1
148,2.0,2.0,150.0,0.5811774863737811,False,jitter>50000,False,0.4996772327712287,0.792365081648151,0.5762195121951219,110.05809810117883,247.2531724342565,213.92834642973133,12.0,293572.98747818376,0.8666666666666667,86.15903428374187,26.56505117707799,1
149,2.5,2.0,180.0,0.5793984563163829,False,jitter>50000,False,0.5299408249077652,0.79012802419055,0.5213414634146342,104.61065151660226,249.3783770189775,216.0323343636894,19.0,303892.21580700605,1.0,77.31961650818018,36.86989764584402,1
150,1.5,2.0,90.0,0.5773087590600775,False,jitter>50000,False,0.4370908884029,0.8357373060004547,0.6387195121951219,121.323640087478,206.04955929956807,184.63468947012421,8.0,105622.67461219715,1.0,68.89980397590698,14.036243467926479,1
151,2.0,2.0,120.0,0.5420772798911713,False,jitter>50000,False,0.41655587459761956,0.8183869568642462,0.5670731707317073,125.01994257242848,222.53239097896613,188.46509826462437,15.0,237534.69816973901,1.0,75.52248781407008,26.56505117707799,1
152,2.0,2.0,60.0,0.5170334022180605,False,jitter>50000,False,0.33446072137607086,0.8160883783818329,0.6219512195121951,139.79707015230724,224.71604053725878,195.92134255993022,9.0,124983.53484898512,1.0,41.40962210927087,26.56505117707799,1
153,1.5,2.0,60.0,0.5117661725789272,False,jitter>50000,False,0.3802575755608602,0.7690100947241926,0.5594512195121951,131.55363639904516,269.44041001201714,245.85031281007076,16.0,196861.3214414337,1.0,47.15635695640366,14.036243467926479,1
154,2.0,2.0,180.0,0.5113031073484657,False,"offset>300,jitter>50000",False,0.4531284378251658,0.6439688324233165,0.5198170731707317,118.43688119147015,388.2296091978493,361.331116005097,17.0,593872.9239666692,0.6,90.0,26.56505117707799,1
155,2.0,1.5,150.0,0.5039192893057817,False,jitter>50000,False,0.3943915269106793,0.7058737268131857,0.5518292682926829,129.00952515607773,329.41995952747357,291.4817625535995,13.0,523137.1336326664,1.0,70.83856930212471,33.690067525979785,1
156,2.5,2.0,90.0,0.4957561020005786,False,jitter>50000,False,0.34919673289869907,0.7894777021463896,0.5442073170731707,137.14458807823416,249.99618296092996,219.81237569341906,16.0,368776.4581047281,1.0,52.42813068030234,36.86989764584402,1
157,2.5,2.0,60.0,0.494840008841293,False,jitter>50000,False,0.3532487066997335,0.7839136433107899,0.538109756097561,136.41523279404797,255.28203885474954,225.88582300287686,17.0,251224.81845504645,0.8666666666666667,36.40152052906664,36.86989764584402,1
158,2.5,2.0,120.0,0.48775770014861264,False,jitter>50000,False,0.38423589304749506,0.7213390120267649,0.5045731707317073,130.8375392514509,314.7279385745734,273.9548426211525,23.0,602718.9319905752,1.0,65.50372094882177,36.86989764584402,1
159,2.0,2.0,90.0,0.4344156063274599,False,jitter>50000,False,0.2511312700986764,0.7485181490735354,0.5304878048780488,154.79637138223825,288.90775838014133,245.24084143680173,19.0,240320.23256970255,1.0,60.00000000000001,26.56505117707799,1
160,1.5,1.5,120.0,0.4252142110946346,False,"offset>300,jitter>50000",False,0.2710428026343362,0.6252933171800155,0.548780487804878,151.21229552581948,405.9713486789854,381.8003748150468,15.0,502365.7053528227,0.9333333333333333,75.52248781407006,18.43494882292201,1
161,2.0,1.5,120.0,0.4110912786823173,False,jitter>50000,False,0.1964946812876412,0.7090367633632152,0.5701219512195121,164.63095736822459,326.4150748049455,283.35698143761095,12.0,426232.1385036785,1.0,62.612892497346095,33.690067525979785,1
162,2.0,1.5,90.0,0.3779104053667893,False,"offset>300,jitter>50000",False,0.2145053997675581,0.5872824298540761,0.510670731707317,161.38902804183954,442.0816916386277,404.6282841861748,18.0,807657.4871312435,1.0,50.20818050044277,33.690067525979785,1
163,1.5,1.5,60.0,0.3392541381779598,False,"offset>300,jitter>50000",False,0.09586394353632591,0.6814583930245939,0.5167682926829268,182.74449016346134,352.61452662663584,324.1766178035999,18.0,510664.58396724437,1.0,41.40962210927084,18.43494882292201,1
164,1.5,1.5,90.0,0.30885172061676147,False,"offset>300,jitter>50000",False,0.13161338347201984,0.45379221757448945,0.5076219512195121,176.30959097503643,568.897393304235,571.0621288143636,18.0,1358206.0807985265,1.0,59.99999999999999,18.43494882292201,1
165,2.0,1.5,60.0,0.2458299821796262,False,"offset>300,jitter>50000",False,0.0,0.4722901548005702,0.5045731707317073,203.41208673476888,551.3243529394583,512.9968543074818,19.0,1080844.6265366548,0.8666666666666667,34.91520624744419,33.690067525979785,1
