h_m,r_m,rel_az_deg,tilt_deg,convergence_angle_deg,subject_pos_name,mpjpe_mm,mpjpe_aligned_mm,registration_offset_mm,pck30,pck50,detection_coverage,joint_visibility_cam_a,joint_visibility_cam_b,joint_visibility_either,joint_visibility_both,unique_contribution_cam_b,jitter_variance,id_drops
1.5,1.5,90,18.43494882292201,59.99999999999999,center,435.91534466200824,147.10844792035462,397.7975930217669,0.022110069694784906,0.08753905311223263,1.0,1.0,1.0,1.0,1.0,0.0,459856.1138452067,18.0
1.5,1.5,120,18.43494882292201,75.52248781407006,center,494.6040877763435,143.10354744067314,457.3795395841251,0.027416770518070146,0.09049908017328348,1.0,1.0,1.0,1.0,0.9333333333333333,0.0,738845.7739190586,19.0
1.5,2.0,60,14.036243467926479,47.15635695640366,center,434.4163933162066,123.13426656721136,415.8845468319255,0.016774891774891776,0.08086820586820587,1.0,1.0,1.0,1.0,1.0,0.0,813877.6300209339,18.0
1.5,1.5,60,18.43494882292201,41.40962210927084,center,352.61452662663584,182.74449016346134,324.1766178035999,0.020327429858194874,0.0865437283184225,1.0,1.0,1.0,1.0,1.0,0.0,510664.58396724437,18.0
1.5,1.5,90,18.43494882292201,59.99999999999999,center,568.897393304235,176.30959097503643,571.0621288143636,0.01933365758754864,0.08961575875486381,1.0,1.0,1.0,1.0,1.0,0.0,1358206.0807985265,18.0
1.5,1.5,120,18.43494882292201,75.52248781407006,center,405.9713486789854,151.21229552581948,381.8003748150468,0.02774614969736921,0.09780068316653683,1.0,1.0,1.0,1.0,0.9333333333333333,0.0,502365.7053528227,15.0
1.5,2.0,60,14.036243467926479,47.15635695640366,center,269.44041001201714,131.55363639904516,245.85031281007076,0.01641025641025641,0.08760180995475113,1.0,1.0,1.0,1.0,1.0,0.0,196861.3214414337,16.0
1.5,2.0,90,14.036243467926479,68.89980397590698,center,206.04955929956807,121.323640087478,184.63468947012421,0.021810649445595225,0.1008285609845254,1.0,1.0,1.0,1.0,1.0,0.0,105622.67461219715,8.0
1.5,2.0,120,14.036243467926479,87.70755722404411,center,167.2093762055462,124.02445469746216,127.56212381436599,0.02727881629422152,0.1078974608780369,1.0,1.0,1.0,1.0,0.9333333333333333,0.0,37004.56518896394,5.0
1.5,2.5,60,11.309932474020215,50.776067601399546,center,232.634493802122,110.75240103138772,201.01589148294494,0.017423442449841606,0.09984747154757714,1.0,1.0,1.0,1.0,1.0,0.0,320710.3152130588,11.0
1.5,2.5,90,11.309932474020215,74.65052298299187,center,148.79732202103202,88.20983906188336,119.19569615901847,0.022792349100904823,0.10743328370175238,1.0,1.0,1.0,1.0,1.0,0.0,38628.779645052455,9.0
1.5,2.5,120,11.309932474020215,95.90856184597654,center,254.82792910644426,103.38137499684147,226.27402393521487,0.028143127907644592,0.10246395956579174,1.0,1.0,1.0,1.0,1.0,0.0,245883.0426998371,17.0
1.5,3.0,60,9.462322208025617,53.13010235415597,center,182.16248180128625,67.89747587691973,161.5187739693881,0.020798811496485915,0.11347922975829952,1.0,1.0,1.0,1.0,1.0,0.0,196163.42183531437,6.0
1.5,3.0,90,9.462322208025617,78.46304096718453,center,139.4430706002503,70.45540823217753,117.52585218454382,0.01994840928632846,0.10214961306964747,1.0,1.0,1.0,1.0,1.0,0.0,78117.04603524119,16.0
1.5,3.0,120,9.462322208025617,101.53695903281547,center,131.38295357830322,74.40814958241995,107.7662557256819,0.02864985417738892,0.10979584834448447,1.0,1.0,1.0,1.0,1.0,0.0,8650.689158171685,4.0
1.5,3.5,60,8.130102354155978,54.71905223641757,center,100.48753034309972,55.52746206823851,81.30341703492776,0.015565092989985693,0.10157367668097282,1.0,1.0,1.0,1.0,1.0,0.0,2235.3160893096406,5.0
1.5,3.5,90,8.130102354155978,81.07320417895299,center,115.63923311746494,60.2686998979075,97.59438758179371,0.019527469399373755,0.10253344719612867,1.0,1.0,1.0,1.0,1.0,0.0,4376.700690637812,0.0
1.5,3.5,120,8.130102354155978,105.5001785669987,center,134.8438510291846,70.6234064749434,116.32400021113716,0.021768707482993196,0.09308390022675737,1.0,1.0,1.0,1.0,1.0,0.0,6521.323625998245,0.0
1.5,4.0,60,7.125016348901798,55.83044367242729,center,97.32208791840873,59.44755715486446,75.93379255198201,0.0189419795221843,0.11422070534698521,1.0,1.0,1.0,1.0,1.0,0.0,3558.799109752726,17.0
1.5,4.0,90,7.125016348901798,82.91811830971423,center,114.65530853656091,62.197913476122736,97.12579708132029,0.014954337899543379,0.08698630136986302,1.0,1.0,1.0,1.0,1.0,0.0,4623.8452521586305,0.0
1.5,4.5,60,6.340191745909909,56.63298703076825,center,97.36984380880727,61.022494549344714,75.45488772178932,0.020212460522538042,0.11754234855010048,1.0,1.0,1.0,1.0,1.0,0.0,3684.540456356948,0.0
1.5,4.5,90,6.340191745909909,84.26082952273322,center,115.9910039218094,62.23147562434325,97.368757150211,0.013572854291417165,0.08474479612204164,1.0,1.0,1.0,1.0,1.0,0.0,7471.415702954606,2.0
1.5,4.5,120,6.340191745909909,110.48731511472266,center,144.09398956623627,70.40293273990957,127.60901412471281,0.020936170212765958,0.09849645390070921,1.0,1.0,1.0,1.0,1.0,0.0,8602.80588326451,0.0
1.5,5.0,60,5.710593137499643,57.228883359680886,center,101.00442360603098,64.77847905320614,77.00977516606277,0.021163120567375886,0.1094468085106383,1.0,1.0,1.0,1.0,1.0,0.0,4190.840221844332,0.0
1.5,5.0,90,5.710593137499643,85.26376375432812,center,122.17799025381665,66.56978555399205,101.58817899033068,0.015283718277730254,0.0887368120901055,1.0,1.0,1.0,1.0,1.0,0.0,4932.566572402137,17.0
1.5,5.0,120,5.710593137499643,112.0952091427793,center,147.82581521025526,73.24839396389258,131.6997772742931,0.01632277717110179,0.077763089832749,1.0,1.0,1.0,1.0,1.0,0.0,9175.588242786558,0.0
2.0,1.5,60,33.690067525979785,34.91520624744419,center,551.3243529394583,203.41208673476888,512.9968543074818,0.016809665557695676,0.08346465884550283,1.0,1.0,1.0,1.0,0.8666666666666667,0.0,1080844.6265366548,19.0
2.0,1.5,90,33.690067525979785,50.20818050044277,center,442.0816916386277,161.38902804183954,404.6282841861748,0.017245317496573778,0.08365692096847875,1.0,1.0,1.0,1.0,1.0,0.0,807657.4871312435,18.0
2.0,1.5,120,33.690067525979785,62.612892497346095,center,326.4150748049455,164.63095736822459,283.35698143761095,0.03454513625488709,0.10789519752582133,1.0,1.0,1.0,1.0,1.0,0.0,426232.1385036785,12.0
2.0,1.5,150,33.690067525979785,70.83856930212471,center,329.41995952747357,129.00952515607773,291.4817625535995,0.03137142857142857,0.10542857142857143,1.0,1.0,1.0,1.0,1.0,0.0,523137.1336326664,13.0
2.0,1.5,180,33.690067525979785,73.73979529168804,center,207.97678486910215,112.56652123618956,173.26131220391468,0.02903831919375961,0.10169105505893071,1.0,1.0,1.0,1.0,0.8666666666666667,0.0,89726.76803457501,12.0
2.0,2.0,60,26.56505117707799,41.40962210927087,center,224.71604053725878,139.79707015230724,195.92134255993022,0.016937232608568248,0.09107425423430815,1.0,1.0,1.0,1.0,1.0,0.0,124983.53484898512,9.0
2.0,2.0,90,26.56505117707799,60.00000000000001,center,288.90775838014133,154.79637138223825,245.24084143680173,0.02620617841027421,0.11303945389332408,1.0,1.0,1.0,1.0,1.0,0.0,240320.23256970255,19.0
2.0,2.0,120,26.56505117707799,75.52248781407008,center,222.53239097896613,125.01994257242848,188.46509826462437,0.03693433240899168,0.1233111097999882,1.0,1.0,1.0,1.0,1.0,0.0,237534.69816973901,15.0
2.0,2.0,150,26.56505117707799,86.15903428374187,center,247.2531724342565,110.05809810117883,213.92834642973133,0.04839365595770639,0.14895718352408063,1.0,1.0,1.0,1.0,0.8666666666666667,0.0,293572.98747818376,12.0
2.0,2.0,180,26.56505117707799,90.0,center,388.2296091978493,118.43688119147015,361.331116005097,0.03901117897890976,0.13760516307479542,1.0,1.0,1.0,1.0,0.6,0.0,593872.9239666692,17.0
2.0,2.5,60,21.80140948635181,45.96306405806085,center,270.70193720763325,88.83860375940928,244.89959761267158,0.016484459962223114,0.0886612100051514,1.0,1.0,1.0,1.0,1.0,0.0,434740.2925490734,17.0
2.0,2.5,90,21.80140948635181,67.03032342765592,center,200.59503231026167,103.41618022585897,170.12134114082968,0.021732962605685753,0.10843783691766441,1.0,1.0,1.0,1.0,1.0,0.0,165280.65873148385,20.0
2.0,2.5,120,21.80140948635181,85.10293679227723,center,134.76465538400436,92.40491838154357,105.69897986668727,0.037520391517128875,0.12735958983919832,1.0,1.0,1.0,1.0,1.0,0.0,26583.63681843319,10.0
2.0,2.5,150,21.80140948635181,97.92173991239194,center,151.78334365389182,81.89042683566294,124.41329309702621,0.05015258824206829,0.15114873035066506,1.0,1.0,1.0,1.0,0.8,0.0,81340.33938468597,8.0
2.0,3.0,60,18.43494882292201,49.16778297253094,center,164.93914068087713,71.67726245646465,143.55623329068916,0.018140068886337544,0.10866819747416763,1.0,1.0,1.0,1.0,1.0,0.0,158372.11007684932,15.0
2.0,3.0,90,18.43494882292201,72.07978686060771,center,107.43476686792671,61.651188493742595,87.88063190293987,0.021210230817217717,0.10894345828843645,1.0,1.0,1.0,1.0,1.0,0.0,5594.169625859836,1.0
2.0,3.0,120,18.43494882292201,92.20422750397204,center,120.69801470764378,68.27864750206548,99.76250172345284,0.0332881967953058,0.11899119837508464,1.0,1.0,1.0,1.0,1.0,0.0,6394.717003085281,3.0
2.0,3.0,150,18.43494882292201,106.9695684757849,center,108.50529438893504,62.85194524448506,88.68698998961881,0.04980363139620923,0.16005464169844613,1.0,1.0,1.0,1.0,0.6666666666666666,0.0,5022.925528977337,2.0
2.0,3.5,60,15.945395900922854,51.45882249174225,center,101.10078574584429,58.58023191293717,81.24443062459873,0.015476190476190477,0.09733560090702947,1.0,1.0,1.0,1.0,1.0,0.0,4523.262312473114,13.0
2.0,3.5,90,15.945395900922854,75.7499673021964,center,107.28983323080574,58.27721779304535,89.72846101043524,0.018367346938775512,0.10306122448979592,1.0,1.0,1.0,1.0,1.0,0.0,3545.809346759286,4.0
2.0,3.5,120,15.945395900922854,97.51404546890747,center,120.30332247882085,64.34969794520312,103.54571778650522,0.02798283261802575,0.10763948497854077,1.0,1.0,1.0,1.0,1.0,0.0,4953.003092163716,0.0
2.0,4.0,60,14.036243467926479,53.13010235415599,center,95.29688527587984,55.7683767569965,75.53704575216548,0.01757197641806422,0.11481884265354016,1.0,1.0,1.0,1.0,1.0,0.0,3838.758905194066,1.0
2.0,4.0,90,14.036243467926479,78.46304096718453,center,111.62742715511926,59.045162384526904,94.47130135363349,0.016057648660916933,0.09396277802995914,1.0,1.0,1.0,1.0,1.0,0.0,3812.8385488397103,0.0
2.0,4.0,120,14.036243467926479,101.53695903281547,center,119.93408408918627,61.290279602123675,105.59679377862751,0.02693716539870386,0.1071287686672302,1.0,1.0,1.0,1.0,1.0,0.0,4061.729632382114,0.0
2.0,4.5,60,12.528807709151511,54.37524459680167,center,93.34965036936826,58.16266137770497,71.65599343307291,0.019707207207207207,0.12105855855855856,1.0,1.0,1.0,1.0,1.0,0.0,4106.136915228794,13.0
2.0,4.5,90,12.528807709151511,80.5057599520959,center,111.12139835436324,61.409909645462015,93.31286978337181,0.014643874643874644,0.09213675213675214,1.0,1.0,1.0,1.0,1.0,0.0,4243.44388823155,3.0
2.0,4.5,120,12.528807709151511,104.63007725190404,center,125.58207171505181,60.126686706133036,111.52257656349772,0.02426284751474305,0.1071609098567818,1.0,1.0,1.0,1.0,1.0,0.0,4470.226140540706,17.0
2.0,5.0,60,11.309932474020215,55.32188041333616,center,95.78753492088681,60.17666639820844,73.6894139943258,0.019292237442922376,0.1125,1.0,1.0,1.0,1.0,1.0,0.0,2899.2320158808934,1.0
2.0,5.0,90,11.309932474020215,82.07185823379778,center,113.48148285103271,64.53476364066873,93.2928906897703,0.014151747655583974,0.08689968741119636,1.0,1.0,1.0,1.0,1.0,0.0,7071.738326505759,2.0
2.0,5.0,120,11.309932474020215,107.0438466150983,center,129.3877713110943,60.8235422718246,115.36466404146059,0.022805338138408696,0.09741539501098034,1.0,1.0,1.0,1.0,1.0,0.0,4412.734436379382,1.0
2.5,2.0,60,36.86989764584402,36.40152052906664,center,255.28203885474954,136.41523279404797,225.88582300287686,0.015218375198008598,0.09278117221090744,1.0,1.0,1.0,1.0,0.8666666666666667,0.0,251224.81845504645,17.0
2.5,2.0,90,36.86989764584402,52.42813068030234,center,249.99618296092996,137.14458807823416,219.81237569341906,0.02732919254658385,0.12789384528514963,1.0,1.0,1.0,1.0,1.0,0.0,368776.4581047281,16.0
2.5,2.0,120,36.86989764584402,65.50372094882177,center,314.7279385745734,130.8375392514509,273.9548426211525,0.0413986013986014,0.13851748251748253,1.0,1.0,1.0,1.0,1.0,0.0,602718.9319905752,23.0
2.5,2.0,150,36.86989764584402,74.22889435253646,center,184.30234624369294,108.79278841152657,151.53424262222828,0.0568476910917918,0.1708253358925144,1.0,1.0,1.0,1.0,1.0,0.0,143002.6931660398,16.0
2.5,2.0,180,36.86989764584402,77.31961650818018,center,249.3783770189775,104.61065151660226,216.0323343636894,0.0508097278646558,0.1670655016973677,1.0,1.0,1.0,1.0,1.0,0.0,303892.21580700605,19.0
2.5,2.5,60,30.96375653207352,41.40962210927087,center,139.95700152936882,100.85223321644254,112.36309374427869,0.015957146884691287,0.10121229207781224,1.0,1.0,1.0,1.0,1.0,0.0,48491.6478270858,13.0
2.5,2.5,90,30.96375653207352,60.00000000000001,center,131.86760058146524,87.98690523106181,98.88885801182454,0.02099781622711238,0.11137241726860407,1.0,1.0,1.0,1.0,1.0,0.0,25875.03756720752,13.0
2.5,2.5,120,30.96375653207352,75.52248781407008,center,159.92755511655565,87.74054884182708,131.60446604835852,0.04331807524840907,0.14932455063079156,1.0,1.0,1.0,1.0,1.0,0.0,102255.76278603595,15.0
2.5,2.5,150,30.96375653207352,86.15903428374189,center,117.57700321912506,75.76131249540947,93.41561483190083,0.06839729119638827,0.20660270880361173,1.0,1.0,1.0,1.0,1.0,0.0,48775.286005464855,8.0
2.5,2.5,180,30.96375653207352,90.0,center,103.31443048122851,67.22643419142942,81.51465084456834,0.06247894914112496,0.20034804086673402,1.0,1.0,1.0,1.0,1.0,0.0,7543.034598216013,6.0
2.5,3.0,60,26.56505117707799,45.17707757596975,center,110.86930747555748,69.16291670149866,86.82347513865072,0.013165266106442577,0.08464985994397758,1.0,1.0,1.0,1.0,1.0,0.0,9511.18335974328,9.0
2.5,3.0,90,26.56505117707799,65.80546288570928,center,100.01723919693099,62.055658153124725,80.23380477812589,0.024873407155973512,0.13482833453897947,1.0,1.0,1.0,1.0,1.0,0.0,5640.898236897172,3.0
2.5,3.0,120,26.56505117707799,83.41055797302093,center,112.87626908241617,67.89829219636903,93.28694925758766,0.03940415964024733,0.1503653738055087,1.0,1.0,1.0,1.0,1.0,0.0,7303.110171703672,11.0
2.5,3.0,150,26.56505117707799,95.81178297924637,center,97.95231436964606,54.73846622917726,82.16542261053587,0.06543520850825636,0.20095158130422613,1.0,1.0,1.0,1.0,1.0,0.0,4044.4871644473046,1.0
2.5,3.0,180,26.56505117707799,100.38885781546962,center,88.06064756209742,52.50724235755823,72.45553294916328,0.06997476871320438,0.21553125876086346,1.0,1.0,1.0,1.0,0.8,0.0,2510.2259343014202,4.0
2.5,3.5,60,23.198590513648185,48.01631881379589,center,113.12565466410942,62.3251108095002,90.08647446992909,0.016830847171404446,0.1039121868843231,1.0,1.0,1.0,1.0,1.0,0.0,39770.04510172608,7.0
2.5,3.5,90,23.198590513648185,70.25480189943846,center,99.57799471100964,57.32836524480721,81.73158147502147,0.02240943555181129,0.12103341757933164,1.0,1.0,1.0,1.0,1.0,0.0,3346.334776748204,3.0
2.5,3.5,120,23.198590513648185,89.61286340889626,center,109.58413858603186,64.88189288766782,92.98644282317787,0.038465851743860045,0.1442189077043849,1.0,1.0,1.0,1.0,1.0,0.0,8125.851257663919,1.0
2.5,3.5,150,23.198590513648185,103.6276663859337,center,95.67715246552245,52.11580478429599,80.5278893167381,0.05971739374229001,0.18145116070427272,1.0,1.0,1.0,1.0,0.9333333333333333,0.0,2507.952461835466,0.0
2.5,4.0,60,20.556045219583467,50.174658857227705,center,96.01956755579766,55.52423511990033,77.11061673355606,0.015697085630696522,0.10099021041971419,1.0,1.0,1.0,1.0,1.0,0.0,1821.4548416113125,7.0
2.5,4.0,90,20.556045219583467,73.68614022272233,center,102.14221894599797,57.488191329989704,84.93590201253527,0.019063638912251192,0.10927950658816933,1.0,1.0,1.0,1.0,1.0,0.0,3215.0366911928536,3.0
2.5,4.0,120,20.556045219583467,94.51106878031649,center,109.23967471084806,58.61226413906962,94.42548109950432,0.03504633529907329,0.1276046054479079,1.0,1.0,1.0,1.0,1.0,0.0,3917.9333110961265,1.0
2.5,4.0,150,20.556045219583467,109.99029470647366,center,99.11165718771692,54.015684645928175,83.27013560056878,0.05458650860852385,0.16731583403895003,1.0,1.0,1.0,1.0,0.8666666666666667,0.0,2736.774357335873,0.0
2.5,4.5,60,18.43494882292201,51.83526956247374,center,98.13530999152388,55.9805873610982,79.42317307036842,0.015792442188381276,0.09830795262267343,1.0,1.0,1.0,1.0,1.0,0.0,2027.3087718408012,17.0
2.5,4.5,90,18.43494882292201,76.3583229709878,center,102.16193261368846,58.101194851263756,84.99869702485356,0.0200278940027894,0.11163179916317992,1.0,1.0,1.0,1.0,1.0,0.0,3166.775232967201,0.0
2.5,4.5,120,18.43494882292201,98.40830462026815,center,116.4577366944976,57.70354882073354,102.47364234674397,0.029977628635346757,0.11717002237136466,1.0,1.0,1.0,1.0,1.0,0.0,3897.749074329771,8.0
2.5,4.5,150,18.43494882292201,115.20923155492801,center,104.80043055454986,56.31187523691358,88.18281977669922,0.05134515353207674,0.16141842384920857,1.0,1.0,1.0,1.0,0.8,0.0,2967.4765025884494,0.0
2.5,5.0,60,16.69924423399362,53.13010235415599,center,92.57685406613955,58.18177322864002,70.80969893771334,0.018172611679981996,0.1183188927647125,1.0,1.0,1.0,1.0,1.0,0.0,2308.3314778598956,1.0
2.5,5.0,90,16.69924423399362,78.46304096718451,center,107.1444433885874,60.34385743647377,88.54332985632995,0.01840628507295174,0.10129068462401795,1.0,1.0,1.0,1.0,1.0,0.0,8252.104066046646,2.0
2.5,5.0,120,16.69924423399362,101.53695903281547,center,116.79982413309479,57.43643171779277,103.07458734444174,0.02795518207282913,0.11753501400560223,1.0,1.0,1.0,1.0,1.0,0.0,3612.7064117049626,17.0
2.5,5.0,150,16.69924423399362,119.52612239367902,center,111.67405991425913,59.213795631600696,94.30525262621036,0.0461495222034851,0.14851039910061833,1.0,1.0,1.0,1.0,0.6666666666666666,0.0,3259.390496738796,0.0
3.0,2.5,60,38.659808254090095,37.337001659844645,center,137.229125212725,101.91709155546823,105.66522767078494,0.015154038301415488,0.10263669164585068,1.0,1.0,1.0,1.0,0.8666666666666667,0.0,42395.87353823031,8.0
3.0,2.5,90,38.659808254090095,53.831357652421254,center,127.29016264591148,93.09383285514059,93.20183683536051,0.03161047027506655,0.15034383318544808,1.0,1.0,1.0,1.0,1.0,0.0,41899.10439488773,13.0
3.0,2.5,120,38.659808254090095,67.34099301663021,center,131.38466693946438,84.20143784635209,106.05666590893654,0.045945796153632985,0.15618245302887546,1.0,1.0,1.0,1.0,1.0,0.0,55829.574136481984,8.0
3.0,2.5,150,38.659808254090095,76.3944954800035,center,190.52374778723808,82.84736273513262,165.83508670697944,0.08139983466519703,0.23168917057040508,1.0,1.0,1.0,1.0,1.0,0.0,260528.81678649492,12.0
3.0,2.5,180,38.659808254090095,79.61114218453038,center,102.13489846593309,68.70817304552506,80.50849095297535,0.07130617434083246,0.21314465756453485,1.0,1.0,1.0,1.0,1.0,0.0,10373.242145947406,7.0
3.0,3.0,60,33.690067525979785,41.40962210927084,center,110.45316768722222,69.81356775822961,87.87125567675967,0.014194973764153549,0.08450704225352113,1.0,1.0,1.0,1.0,1.0,0.0,7917.3434097801055,10.0
3.0,3.0,90,33.690067525979785,59.99999999999999,center,107.86499209883034,73.71772508419026,83.03761323424588,0.03025618374558304,0.15431757950530034,1.0,1.0,1.0,1.0,1.0,0.0,13225.042754138778,6.0
3.0,3.0,120,33.690067525979785,75.52248781407006,center,103.93590645553647,70.55324178387232,83.01070588054837,0.06096144271726503,0.18437793881728162,1.0,1.0,1.0,1.0,1.0,0.0,8121.486672926951,6.0
3.0,3.0,150,33.690067525979785,86.15903428374187,center,89.20963061038184,54.18960290567497,73.57368363390157,0.07864726700747149,0.2298185495196899,1.0,1.0,1.0,1.0,1.0,0.0,3031.476312007861,0.0
3.0,3.0,180,33.690067525979785,90.0,center,84.62976744356274,52.14828259777173,70.09573856557408,0.08369028006589786,0.24102141680395386,1.0,1.0,1.0,1.0,1.0,0.0,2589.2772487836273,9.0
3.0,3.5,60,29.74488129694222,44.62132136407958,center,102.66410196426887,63.45425120287092,81.64045056310358,0.016555183946488295,0.09632107023411371,1.0,1.0,1.0,1.0,1.0,0.0,5312.304089591298,16.0
3.0,3.5,90,29.74488129694222,64.94238458169698,center,102.70674349294293,61.052895291577435,84.54447646333126,0.022185154295246038,0.11948846260772866,1.0,1.0,1.0,1.0,1.0,0.0,4007.5589481145953,5.0
3.0,3.5,120,29.74488129694222,82.22437237487944,center,104.84640045081333,66.54867138481895,85.60468778261944,0.04983221476510067,0.1733221476510067,1.0,1.0,1.0,1.0,1.0,0.0,7687.511024614899,9.0
3.0,3.5,150,29.74488129694222,94.34194717549441,center,92.79989093010433,50.73326291759642,78.98274076088633,0.07014599765061252,0.20568328019242602,1.0,1.0,1.0,1.0,1.0,0.0,2649.266748708169,1.0
3.0,3.5,180,29.74488129694222,98.79741070999107,center,87.15440937416292,48.75881474326575,73.47741104483029,0.06962590731434952,0.21943048576214405,1.0,1.0,1.0,1.0,1.0,0.0,2013.89750531956,0.0
3.0,4.0,60,26.56505117707799,47.15635695640366,center,103.19982339762828,62.579560345464465,81.18487398056004,0.01625651662088682,0.10331296597342901,1.0,1.0,1.0,1.0,1.0,0.0,61516.213291085674,5.0
3.0,4.0,90,26.56505117707799,68.89980397590698,center,104.77677648705736,58.12576893998195,88.42349574208423,0.017890295358649787,0.109929676511955,1.0,1.0,1.0,1.0,1.0,0.0,3081.3912745678813,5.0
3.0,4.0,120,26.56505117707799,87.70755722404411,center,101.53719632393903,59.87030910504182,84.97063226448013,0.04823529411764706,0.16414565826330532,1.0,1.0,1.0,1.0,1.0,0.0,4987.140353990224,2.0
3.0,4.0,150,26.56505117707799,101.20127956205536,center,94.62666445579099,50.41956452763004,80.54818631414601,0.06247555183012014,0.19888236937692091,1.0,1.0,1.0,1.0,1.0,0.0,2463.098534440652,0.0
3.0,4.0,180,26.56505117707799,106.26020470831197,center,84.10877262617899,49.052442946889016,68.73493709128566,0.07154471544715447,0.22158676759181384,1.0,1.0,1.0,1.0,0.8666666666666667,0.0,1638.3234327213324,0.0
3.0,4.5,90,23.962488974578182,72.07978686060771,center,102.37550441549963,61.286348734655114,83.33944008197854,0.024299377224199288,0.12561165480427047,1.0,1.0,1.0,1.0,1.0,0.0,4902.100923781044,3.0
3.0,4.5,120,23.962488974578182,92.20422750397204,center,109.51678367465122,56.49739220138015,95.31501093291844,0.03616687226645733,0.13754625995289896,1.0,1.0,1.0,1.0,1.0,0.0,5703.383775130626,5.0
3.0,4.5,150,23.962488974578182,106.9695684757849,center,90.7857252009278,50.7122052545916,75.11237022111736,0.06409106201637323,0.20141303128854995,1.0,1.0,1.0,1.0,1.0,0.0,2194.9511573886125,0.0
3.0,4.5,180,23.962488974578182,112.61986494804043,center,86.51542373556326,50.13276333607602,70.73901137782516,0.06678619453160017,0.21268489466606902,1.0,1.0,1.0,1.0,0.6666666666666666,0.0,1849.1424606477979,1.0
3.0,5.0,60,21.80140948635181,50.776067601399546,center,97.99528828969407,59.81500891815881,76.370898086854,0.017950889077053344,0.11148744002257974,1.0,1.0,1.0,1.0,1.0,0.0,10332.425760896374,2.0
3.0,5.0,90,21.80140948635181,74.65052298299187,center,108.06064846833954,60.393421629483704,90.91062663495707,0.019304152637485972,0.10925925925925926,1.0,1.0,1.0,1.0,1.0,0.0,3478.7321875592093,5.0
3.0,5.0,120,21.80140948635181,95.90856184597654,center,104.10778436833199,56.99040845626089,88.86576960136996,0.03880011213905243,0.14303336136809644,1.0,1.0,1.0,1.0,1.0,0.0,3279.4491317517636,2.0
3.0,5.0,150,21.80140948635181,111.84379943901526,center,95.72121147919762,52.841948110659935,79.2011884787054,0.06359060402684563,0.1878076062639821,1.0,1.0,1.0,1.0,1.0,0.0,3186.8150526978598,9.0
3.5,3.0,60,39.8055710922652,37.97909853282036,center,118.93016068461843,81.92230764118658,90.88721660559314,0.013669064748201438,0.08129496402877698,1.0,1.0,1.0,1.0,0.8666666666666667,0.0,12570.628476269008,5.0
3.5,3.0,90,39.8055710922652,54.79731643181306,center,150.40605488705208,93.67239679875006,118.74822885083285,0.03561583416032639,0.15420663799757414,1.0,1.0,1.0,1.0,1.0,0.0,189309.34270760205,16.0
3.5,3.0,120,39.8055710922652,68.61051667381506,center,117.83146839555125,82.89775548319359,94.8613674651829,0.06342425238251725,0.19596889034943588,1.0,1.0,1.0,1.0,1.0,0.0,29320.883311602138,7.0
3.5,3.0,150,39.8055710922652,77.89620311073523,center,91.07356876793558,60.10973631088277,73.94762595313804,0.08331959329486123,0.2435834020335257,1.0,1.0,1.0,1.0,1.0,0.0,3659.513057228489,1.0
3.5,3.0,180,39.8055710922652,81.20258929000894,center,93.87346678496219,58.17579679326115,78.07086978164132,0.08804616652926628,0.2528716680406705,1.0,1.0,1.0,1.0,1.0,0.0,24200.122592692853,13.0
3.5,3.5,60,35.53767779197438,41.40962210927086,center,114.0026724810895,74.39565801539655,87.3214194183593,0.015952143569292122,0.10379971197518556,1.0,1.0,1.0,1.0,1.0,0.0,29772.68926986867,12.0
3.5,3.5,90,35.53767779197438,60.00000000000001,center,109.19191352855034,76.68514661712652,83.50691710047073,0.03232888742521543,0.14682474339974752,1.0,1.0,1.0,1.0,1.0,0.0,13204.19887578015,12.0
3.5,3.5,120,35.53767779197438,75.52248781407006,center,105.23035264098439,67.45324284459019,86.75199826832093,0.06347100127163156,0.19229280698844473,1.0,1.0,1.0,1.0,1.0,0.0,19650.082978646962,5.0
3.5,3.5,150,35.53767779197438,86.15903428374187,center,85.4614658877618,53.60452298523485,69.71680755638113,0.08436315702751689,0.2446311858076564,1.0,1.0,1.0,1.0,1.0,0.0,2332.2549097448923,1.0
3.5,3.5,180,35.53767779197438,90.0,center,82.87257008829613,52.03256878565989,67.9541899994923,0.08565560119906739,0.24469856778061508,1.0,1.0,1.0,1.0,1.0,0.0,1770.504621232585,7.0
3.5,4.0,60,32.005383208083494,44.20792594301601,center,102.0514995279432,66.88705435106644,77.43620150783975,0.016381567950075223,0.10709310748314481,1.0,1.0,1.0,1.0,1.0,0.0,13244.496678429188,9.0
3.5,4.0,90,32.005383208083494,64.30195626747476,center,101.36683856333104,67.5835891103433,78.76862545669827,0.03272526257600884,0.14881149806522942,1.0,1.0,1.0,1.0,1.0,0.0,7147.104473986858,9.0
3.5,4.0,120,32.005383208083494,81.34743033874264,center,99.21196430994144,63.53291313666169,80.42694680226585,0.05989453233416597,0.18573411046350263,1.0,1.0,1.0,1.0,1.0,0.0,5601.584796878855,6.0
3.5,4.0,150,32.005383208083494,93.2598224733095,center,84.92226423953706,51.12145473892786,69.3902971220001,0.079,0.23405555555555554,1.0,1.0,1.0,1.0,1.0,0.0,2124.5362791756975,0.0
3.5,4.0,180,32.005383208083494,97.62814966858072,center,79.68911996245302,49.47557182882031,64.92973666564586,0.08597662771285476,0.2508069003895381,1.0,1.0,1.0,1.0,1.0,0.0,1484.4972814548987,0.0
3.5,4.5,60,29.054604099077146,46.491550647117855,center,102.98021127257161,62.661867467291174,82.2500220029779,0.015669755686604885,0.08671721426565572,1.0,1.0,1.0,1.0,1.0,0.0,4456.279623099129,2.0
3.5,4.5,90,29.054604099077146,67.85677929855194,center,109.37478796628888,62.80123537704153,91.3187435491137,0.020328122410650167,0.11335137822460366,1.0,1.0,1.0,1.0,1.0,0.0,10512.277511004975,18.0
3.5,4.5,120,29.054604099077146,86.25106304061794,center,101.48651193058696,61.44549404020945,83.20424248235007,0.05282850282012621,0.1742335399564416,1.0,1.0,1.0,1.0,1.0,0.0,5347.34877482271,4.0
3.5,4.5,150,29.054604099077146,99.36233448138768,center,86.31006449875625,50.542774011961754,70.94656203913597,0.07333333333333333,0.21366946778711485,1.0,1.0,1.0,1.0,1.0,0.0,2031.7492860065254,0.0
3.5,4.5,180,29.054604099077146,104.2500326978036,center,82.37226098250272,48.59914771761034,67.95353585743801,0.07618784530386741,0.23939226519337017,1.0,1.0,1.0,1.0,1.0,0.0,1654.592939694019,0.0
3.5,5.0,60,26.56505117707799,48.36142462055131,center,101.20381187586021,63.99646792675964,77.40798621985127,0.020309050772626933,0.11479028697571744,1.0,1.0,1.0,1.0,1.0,0.0,13114.336158901848,8.0
3.5,5.0,90,26.56505117707799,70.80046026609166,center,109.23262839625957,63.342284681064314,90.54233347744538,0.021714608009024253,0.1182741116751269,1.0,1.0,1.0,1.0,1.0,0.0,8194.909252514113,6.0
3.5,5.0,120,26.56505117707799,90.38453831980483,center,106.5189646483088,56.797333564547074,91.59364107214257,0.041021628569831776,0.14743195663108477,1.0,1.0,1.0,1.0,1.0,0.0,5766.3833400748645,4.0
3.5,5.0,150,26.56505117707799,104.61756669568551,center,90.79837903032028,51.653672524244065,74.28254847432238,0.06567313573930934,0.20458210532169271,1.0,1.0,1.0,1.0,1.0,0.0,4576.51540990964,1.0
3.5,5.0,180,26.56505117707799,110.01595960288267,center,83.07967331738155,50.3753195029383,66.64879503272512,0.06751220607217015,0.22094393624782535,1.0,1.0,1.0,1.0,1.0,0.0,1709.1516590964497,2.0
4.0,4.0,60,36.86989764584402,41.40962210927087,center,117.7271811485329,69.37565976181106,93.76939406800304,0.013388709765560959,0.0822995792119788,1.0,1.0,1.0,1.0,1.0,0.0,104120.4805670383,7.0
4.0,4.0,90,36.86989764584402,60.00000000000001,center,109.49758284317313,76.26214587414331,82.90264879275924,0.03614656690140845,0.15757042253521128,1.0,1.0,1.0,1.0,1.0,0.0,23176.79128997667,8.0
4.0,4.0,120,36.86989764584402,75.52248781407008,center,110.249095362155,67.72611319548328,91.74143085870314,0.059685177087888064,0.18310013117621338,1.0,1.0,1.0,1.0,1.0,0.0,52823.33072646389,5.0
4.0,4.0,150,36.86989764584402,86.15903428374187,center,86.52282337265183,55.03664095531164,69.88849954168569,0.08246109542005871,0.2339812814974802,1.0,1.0,1.0,1.0,1.0,0.0,2419.478311760579,0.0
4.0,4.0,180,36.86989764584402,90.0,center,81.70401813508758,52.36456100158459,66.78377825612444,0.0794002102583965,0.23880927350190892,1.0,1.0,1.0,1.0,1.0,0.0,1327.5440850815144,0.0
4.0,4.5,60,33.690067525979785,43.888550965201816,center,111.71886059996653,67.62191669431083,88.10254951386531,0.014393686784483717,0.08452817605868623,1.0,1.0,1.0,1.0,1.0,0.0,36622.09469440467,6.0
4.0,4.5,90,33.690067525979785,63.80808027748721,center,108.00880338592539,67.38209051433266,87.17523050216414,0.023806862635520287,0.11037219179613278,1.0,1.0,1.0,1.0,1.0,0.0,4789.989101921408,10.0
4.0,4.5,150,33.690067525979785,92.43009235908585,center,95.45951772580467,54.34112892225363,78.61185020375528,0.07928007508419367,0.22966929829404295,1.0,1.0,1.0,1.0,1.0,0.0,53955.27172473744,4.0
4.0,4.5,180,33.690067525979785,96.73292132685961,center,86.36642236085818,50.703109484807655,72.60244272601082,0.07044359528160823,0.2234590463532148,1.0,1.0,1.0,1.0,1.0,0.0,1999.8112183098208,1.0
4.0,5.0,60,30.96375653207352,45.96306405806085,center,106.0726166567497,70.62300946374924,76.95548264845084,0.01762632197414806,0.1039673213586257,1.0,1.0,1.0,1.0,1.0,0.0,11822.939788731874,11.0
4.0,5.0,90,30.96375653207352,67.03032342765592,center,107.02013652893771,72.71696435897185,81.94230268093207,0.03194621923440191,0.14145230290571698,1.0,1.0,1.0,1.0,1.0,0.0,6219.6716107958355,8.0
4.0,5.0,120,30.96375653207352,85.10293679227723,center,98.51239378455094,61.28538277403317,80.11693201744043,0.05675419523889168,0.1840887550872498,1.0,1.0,1.0,1.0,1.0,0.0,5485.043056935961,9.0
4.0,5.0,150,30.96375653207352,97.92173991239194,center,96.64038506429338,52.96687331836517,81.67524183862287,0.05896069287141906,0.1988674217188541,1.0,1.0,1.0,1.0,1.0,0.0,9337.416140941232,11.0
4.0,5.0,180,30.96375653207352,102.68038349181982,center,79.50661670086171,50.3365509395164,63.403438791236404,0.07733333333333334,0.23716666666666666,1.0,1.0,1.0,1.0,1.0,0.0,2348.0258154618805,8.0
4.5,4.5,60,37.874983651098205,41.40962210927086,center,119.1106767626028,81.71909296722603,85.28917733202843,0.02134819064430715,0.10944395410414828,1.0,1.0,1.0,1.0,1.0,0.0,55863.34019457889,8.0
4.5,4.5,90,37.874983651098205,60.00000000000001,center,115.81304003328586,81.03986733414567,89.25192079587116,0.02259824112211956,0.10864967160191473,1.0,1.0,1.0,1.0,1.0,0.0,11412.382895516335,6.0
4.5,4.5,120,37.874983651098205,75.52248781407006,center,119.60414004330862,72.69168143425092,99.89118657312757,0.039661934485996794,0.14019775727779926,1.0,1.0,1.0,1.0,1.0,0.0,27116.721109325317,9.0
4.5,4.5,150,37.874983651098205,86.15903428374187,center,88.31345952919588,57.016714901782386,71.07218984355421,0.07407818131411145,0.23249237593568062,1.0,1.0,1.0,1.0,1.0,0.0,2684.412152747308,0.0
4.5,4.5,180,37.874983651098205,90.0,center,92.95542751890909,55.5653804549733,77.51996397289439,0.06796063122010228,0.22285148732611207,1.0,1.0,1.0,1.0,1.0,0.0,16523.82798770635,6.0
4.5,5.0,60,34.99202019855866,43.634464924701625,center,131.967528639583,78.63147457857292,100.10980960058765,0.014493552298027113,0.0807340460707594,1.0,1.0,1.0,1.0,1.0,0.0,155437.19016158066,8.0
4.5,5.0,120,34.99202019855866,80.13829048680303,center,111.14195500042648,69.64471277836222,90.7029929226705,0.05625413633355394,0.17604235605559232,1.0,1.0,1.0,1.0,1.0,0.0,19098.597712141982,13.0
4.5,5.0,150,34.99202019855866,91.77377458144545,center,95.19767484777975,56.88266981374356,78.03077640562636,0.06647191754395634,0.2142424075400981,1.0,1.0,1.0,1.0,1.0,0.0,11360.69296608048,5.0
4.5,5.0,180,34.99202019855866,96.02557500836669,center,81.66332377290432,53.48185860236938,65.41884948802031,0.07895466903401209,0.239360816734173,1.0,1.0,1.0,1.0,1.0,0.0,1596.1369052212244,1.0
5.0,5.0,60,38.659808254090095,41.40962210927087,center,142.52085876032143,94.66162346360102,100.6568929330539,0.022743662284351252,0.10340045487324569,1.0,1.0,1.0,1.0,1.0,0.0,139161.12764623397,17.0
5.0,5.0,90,38.659808254090095,60.00000000000001,center,160.9480674185132,100.82532252162817,125.38712342694728,0.03626090295682703,0.1409841461407647,1.0,1.0,1.0,1.0,1.0,0.0,257499.0181160857,11.0
5.0,5.0,120,38.659808254090095,75.52248781407008,center,132.95655772482394,78.8940414685105,108.25352146052442,0.04926682959342368,0.1631304154632304,1.0,1.0,1.0,1.0,1.0,0.0,96656.06106101112,10.0
5.0,5.0,150,38.659808254090095,86.15903428374189,center,106.30033010102325,61.2498009482828,88.11356268563102,0.06472563157025703,0.21487148439649953,1.0,1.0,1.0,1.0,1.0,0.0,80010.79060977137,2.0
5.0,5.0,180,38.659808254090095,90.0,center,94.76300342312062,59.41467007708388,76.89930015492804,0.07237596201080727,0.2292451285410185,1.0,1.0,1.0,1.0,1.0,0.0,43070.31050470632,4.0
