h_m,r_m,rel_az_deg,tilt_deg,convergence_angle_deg,subject_pos_name,mpjpe_mm,mpjpe_aligned_mm,registration_offset_mm,pck30,pck50,detection_coverage,joint_visibility_cam_a,joint_visibility_cam_b,joint_visibility_either,joint_visibility_both,unique_contribution_cam_b,jitter_variance,id_drops,cam_c_h_m,joint_visibility_cam_c,unique_contribution_cam_c,convergence_ab_deg,convergence_ac_deg,convergence_bc_deg
3.5,4.5,180.0,29.054604099077146,69.50002179853574,center,122.79249126970181,83.41961344361458,99.42352068045771,0.04804358593363051,0.17533432392273401,1.0,1.0,1.0,1.0,1.0,0.0,22129.21340264993,11.0,3.5,1.0,0.0,104.2500326978036,52.1250163489018,52.1250163489018
3.5,4.5,180.0,29.054604099077146,69.50002179853574,center,122.4258571220806,88.7791533360107,97.15427197029942,0.05421389847215377,0.1996057171020207,1.0,1.0,1.0,1.0,1.0,0.0,21739.626393250786,5.0,4.0,1.0,0.0,104.2500326978036,52.1250163489018,52.1250163489018
3.5,4.5,180.0,29.054604099077146,69.50002179853574,center,81.44106399406164,57.59589980014609,60.65440787218524,0.08287037037037037,0.24537037037037038,1.0,1.0,1.0,1.0,1.0,0.0,4660.459921617673,11.0,4.5,1.0,0.0,104.2500326978036,52.1250163489018,52.1250163489018
3.5,4.5,180.0,29.054604099077146,69.50002179853574,center,81.15742571947193,52.35912473520264,64.69487599372368,0.08438228438228439,0.2680652680652681,1.0,1.0,1.0,1.0,1.0,0.0,3028.2364251468384,4.0,5.0,1.0,0.0,104.2500326978036,52.1250163489018,52.1250163489018
3.5,4.5,180.0,29.054604099077146,69.50002179853574,center,133.75697152468285,87.74638107017665,109.65113560087174,0.05743740795287187,0.19391261659302897,1.0,1.0,1.0,1.0,1.0,0.0,27532.72136353494,8.0,5.5,1.0,0.0,104.2500326978036,52.1250163489018,52.1250163489018
3.5,4.5,180.0,29.054604099077146,69.50002179853574,center,94.30377306247809,65.11705828695143,72.59827637785844,0.07815356489945155,0.23720292504570384,1.0,1.0,1.0,1.0,1.0,0.0,11846.81384692164,10.0,6.0,1.0,0.0,104.2500326978036,52.1250163489018,52.1250163489018
3.5,4.5,180.0,29.054604099077146,69.50002179853574,center,91.58484609384342,55.585076529542455,75.52303546760724,0.05382716049382716,0.18666666666666668,1.0,1.0,1.0,1.0,1.0,0.0,2770.236757731342,4.0,6.5,1.0,0.0,104.2500326978036,52.1250163489018,52.1250163489018
3.5,4.5,180.0,29.054604099077146,69.50002179853574,center,104.25823989162997,60.589386224428154,89.88339229480897,0.0637037037037037,0.19654320987654322,1.0,1.0,1.0,1.0,1.0,0.0,8399.190311486516,5.0,7.0,1.0,0.0,104.2500326978036,52.1250163489018,52.1250163489018
3.5,4.0,180.0,32.005383208083494,65.08543311238715,center,110.51147984550549,72.35916051913249,88.93569317364708,0.06813725490196078,0.18627450980392157,1.0,1.0,1.0,1.0,1.0,0.0,16144.350016039492,9.0,3.5,1.0,0.0,97.62814966858072,48.81407483429036,48.81407483429036
3.5,4.0,180.0,32.005383208083494,65.08543311238715,center,142.2391763557578,99.19715760011862,117.70107658889444,0.06487582361885454,0.1931069437404967,1.0,1.0,1.0,1.0,1.0,0.0,34670.657477460285,8.0,4.0,1.0,0.0,97.62814966858072,48.81407483429036,48.81407483429036
3.5,4.0,180.0,32.005383208083494,65.08543311238715,center,110.81802620635247,76.19078149265238,88.41307688457557,0.0625,0.19832677165354332,1.0,1.0,1.0,1.0,1.0,0.0,14057.230654192052,10.0,4.5,1.0,0.0,97.62814966858072,48.81407483429036,48.81407483429036
3.5,4.0,180.0,32.005383208083494,65.08543311238715,center,135.83176461400222,90.55692034466476,111.36582298186411,0.0626232741617357,0.21055226824457593,1.0,1.0,1.0,1.0,1.0,0.0,33979.01515519404,5.0,5.0,1.0,0.0,97.62814966858072,48.81407483429036,48.81407483429036
3.5,4.0,180.0,32.005383208083494,65.08543311238715,center,99.28426382294037,64.72039314365439,79.52488013734717,0.061764705882352944,0.18627450980392157,1.0,1.0,1.0,1.0,1.0,0.0,6728.850182749521,9.0,5.5,1.0,0.0,97.62814966858072,48.81407483429036,48.81407483429036
3.5,4.0,180.0,32.005383208083494,65.08543311238715,center,95.47002522436946,63.10907670565232,75.35869874817077,0.07724137931034483,0.21977011494252874,1.0,1.0,1.0,1.0,1.0,0.0,5212.637815526996,4.0,6.0,1.0,0.0,97.62814966858072,48.81407483429036,48.81407483429036
3.5,4.0,180.0,32.005383208083494,65.08543311238715,center,107.72054364990247,77.20152309503547,78.46727674525556,0.07409224730127575,0.20902845927379785,1.0,1.0,1.0,1.0,1.0,0.0,15771.809079021685,6.0,6.5,1.0,0.0,97.62814966858072,48.81407483429036,48.81407483429036
3.5,4.0,180.0,32.005383208083494,65.08543311238715,center,92.1658631552549,58.986641250033244,75.95830140036645,0.06564102564102564,0.20358974358974358,1.0,1.0,1.0,1.0,1.0,0.0,4637.8054229587815,8.0,7.0,1.0,0.0,97.62814966858072,48.81407483429036,48.81407483429036
3.0,4.0,180.0,26.56505117707799,70.84013647220799,center,89.64495089197803,57.3330876443866,69.60385341147148,0.060651629072681706,0.21353383458646616,1.0,1.0,1.0,1.0,1.0,0.0,4589.279580371552,9.0,3.5,1.0,0.0,106.26020470831197,53.13010235415599,53.13010235415599
3.0,4.0,180.0,26.56505117707799,70.84013647220799,center,126.7727243666759,90.4290052012699,93.2653642144377,0.07797940166748406,0.24129475232957331,1.0,1.0,1.0,1.0,1.0,0.0,32777.38852014693,6.0,4.0,1.0,0.0,106.26020470831197,53.13010235415599,53.13010235415599
3.0,4.0,180.0,26.56505117707799,70.84013647220799,center,90.89447285570623,55.632319615968946,73.2170792050735,0.058823529411764705,0.21127450980392157,1.0,1.0,1.0,1.0,1.0,0.0,3270.188030707538,7.0,4.5,1.0,0.0,106.26020470831197,53.13010235415599,53.13010235415599
3.0,4.0,180.0,26.56505117707799,70.84013647220799,center,97.84642873177765,68.00113932464681,79.57917745195134,0.05621890547263682,0.21293532338308457,1.0,1.0,1.0,1.0,1.0,0.0,27110.914156241917,7.0,5.0,1.0,0.0,106.26020470831197,53.13010235415599,53.13010235415599
3.0,4.0,180.0,26.56505117707799,70.84013647220799,center,126.13420247858316,79.85213758731643,102.05741991852335,0.054982817869415807,0.19047619047619047,1.0,1.0,1.0,1.0,1.0,0.0,21575.452707383836,7.0,5.5,1.0,0.0,106.26020470831197,53.13010235415599,53.13010235415599
3.0,4.0,180.0,26.56505117707799,70.84013647220799,center,87.53930750916236,61.748845069487615,60.62919362724313,0.06529680365296804,0.23059360730593606,1.0,1.0,1.0,1.0,1.0,0.0,4517.199648040397,5.0,6.0,1.0,0.0,106.26020470831197,53.13010235415599,53.13010235415599
3.0,4.0,180.0,26.56505117707799,70.84013647220799,center,105.78732404122228,72.5237849653703,79.66545444474787,0.06896551724137931,0.2271264367816092,1.0,1.0,1.0,1.0,1.0,0.0,13464.452440249543,9.0,6.5,1.0,0.0,106.26020470831197,53.13010235415599,53.13010235415599
3.0,4.0,180.0,26.56505117707799,70.84013647220799,center,97.72829815819772,59.848843511407146,80.79018700184058,0.043137254901960784,0.16029411764705884,1.0,1.0,1.0,1.0,1.0,0.0,5795.9111749058,8.0,7.0,1.0,0.0,106.26020470831197,53.13010235415599,53.13010235415599
3.0,3.5,180.0,29.74488129694222,65.86494047332738,center,101.92623290540605,63.09972807299918,83.82904751534195,0.06617283950617284,0.18765432098765433,1.0,1.0,1.0,1.0,1.0,0.0,7876.382203952144,7.0,3.5,1.0,0.0,98.79741070999107,49.398705354995535,49.398705354995535
3.0,3.5,180.0,29.74488129694222,65.86494047332738,center,110.99330482955915,72.09135664541002,88.25418398678735,0.051055473735886106,0.17623956799214532,1.0,1.0,1.0,1.0,1.0,0.0,12245.391489395835,5.0,4.0,1.0,0.0,98.79741070999107,49.398705354995535,49.398705354995535
3.0,3.5,180.0,29.74488129694222,65.86494047332737,center,99.21983214893517,61.02903156778677,80.8389720355123,0.052941176470588235,0.1769607843137255,1.0,1.0,1.0,1.0,1.0,0.0,4577.162367946997,5.0,4.5,1.0,0.0,98.79741070999107,49.39870535499553,49.39870535499553
3.0,3.5,180.0,29.74488129694222,65.86494047332737,center,96.1329310873871,60.71385386150799,76.77845390119921,0.08095676172953081,0.24655013799448022,1.0,1.0,1.0,1.0,1.0,0.0,9582.165744128915,6.0,5.0,1.0,0.0,98.79741070999107,49.39870535499553,49.39870535499553
3.0,3.5,180.0,29.74488129694222,65.86494047332738,center,110.48199448342551,64.27204462565957,91.88884833846284,0.059770114942528735,0.19586206896551725,1.0,1.0,1.0,1.0,1.0,0.0,11469.522234564613,6.0,5.5,1.0,0.0,98.79741070999107,49.398705354995535,49.398705354995535
3.0,3.5,180.0,29.74488129694222,65.86494047332738,center,81.33557096876432,55.92612462207197,59.26132868214935,0.0707482993197279,0.24308390022675738,1.0,1.0,1.0,1.0,1.0,0.0,2526.0779347192147,5.0,6.0,1.0,0.0,98.79741070999107,49.398705354995535,49.398705354995535
3.0,3.5,180.0,29.74488129694222,65.86494047332737,center,109.20412642179187,69.03045658033741,88.67834555386365,0.060294117647058824,0.18774509803921569,1.0,1.0,1.0,1.0,1.0,0.0,10709.912396162807,6.0,6.5,1.0,0.0,98.79741070999107,49.39870535499553,49.39870535499553
3.0,3.5,180.0,29.74488129694222,65.86494047332738,center,100.80076794388584,60.52130495120272,83.53551049230555,0.05931034482758621,0.18666666666666668,1.0,1.0,1.0,1.0,1.0,0.0,6618.192027770533,4.0,7.0,1.0,0.0,98.79741070999107,49.398705354995535,49.398705354995535
4.0,4.0,180.0,36.86989764584402,60.0,center,105.54083240606796,63.617678548376446,87.18146833080522,0.055145248645987195,0.1930083702609552,1.0,1.0,1.0,1.0,1.0,0.0,8300.158523870203,7.0,3.5,1.0,0.0,90.0,45.0,45.0
4.0,4.0,180.0,36.86989764584402,60.0,center,135.71750956350124,102.23921672526187,99.8069440927999,0.057,0.194,1.0,1.0,1.0,1.0,1.0,0.0,47731.90033980832,7.0,4.0,1.0,0.0,90.0,45.00000000000001,45.00000000000001
4.0,4.0,180.0,36.86989764584402,60.0,center,118.05491851970642,80.33691778085746,93.75970640248666,0.07013241785188817,0.20451201569396762,1.0,1.0,1.0,1.0,1.0,0.0,17298.92081256159,6.0,4.5,1.0,0.0,90.0,45.00000000000001,45.00000000000001
4.0,4.0,180.0,36.86989764584402,60.0,center,88.62456456441994,59.621561988023345,70.51130794959127,0.06470588235294118,0.22058823529411764,1.0,1.0,1.0,1.0,1.0,0.0,3308.031006562662,7.0,5.0,1.0,0.0,90.0,45.00000000000001,45.00000000000001
4.0,4.0,180.0,36.86989764584402,60.0,center,117.83827484275463,84.15325257207863,87.68706417763875,0.051775147928994084,0.21794871794871795,1.0,1.0,1.0,1.0,1.0,0.0,14812.33542052431,9.0,5.5,1.0,0.0,90.0,45.00000000000001,45.00000000000001
4.0,4.0,180.0,36.86989764584402,60.0,center,105.8866131810193,70.75448029172044,83.35530004955513,0.05306718597857838,0.17867575462512172,1.0,1.0,1.0,1.0,1.0,0.0,7286.700067062696,6.0,6.0,1.0,0.0,90.0,45.00000000000001,45.00000000000001
4.0,4.0,180.0,36.86989764584402,60.0,center,105.00669312602366,72.73754747833286,81.28561867850857,0.0784698381559588,0.23001471309465424,1.0,1.0,1.0,1.0,1.0,0.0,12213.647937006339,6.0,6.5,1.0,0.0,90.0,45.00000000000001,45.00000000000001
4.0,4.0,180.0,36.86989764584402,60.0,center,78.5873134918733,55.767313057070325,59.9673437355165,0.08514755684567005,0.2714078374455733,1.0,1.0,1.0,1.0,1.0,0.0,1579.0344736379002,8.0,7.0,1.0,0.0,90.0,45.0,45.0
3.5,4.5,150.0,29.054604099077146,67.87078905973043,center,120.57433792577872,73.03694068717643,102.74584548114761,0.04803921568627451,0.1696078431372549,1.0,1.0,1.0,1.0,1.0,0.0,27454.94450056027,5.0,3.5,1.0,0.0,99.36233448138768,52.1250163489018,52.1250163489018
3.5,4.5,150.0,29.054604099077146,67.87078905973043,center,125.12571173383436,79.64431990639545,101.25861953650345,0.03458498023715415,0.15464426877470355,1.0,1.0,1.0,1.0,1.0,0.0,20896.273446308518,8.0,4.0,1.0,0.0,99.36233448138768,52.1250163489018,52.1250163489018
3.5,4.5,150.0,29.054604099077146,67.87078905973043,center,110.94769436848682,76.32034278813995,81.04418542864717,0.053217223028543786,0.18287373004354138,1.0,1.0,1.0,1.0,1.0,0.0,12096.52181854435,8.0,4.5,1.0,0.0,99.36233448138768,52.1250163489018,52.1250163489018
3.5,4.5,150.0,29.054604099077146,67.87078905973043,center,95.65736508963907,54.54868015044129,79.85503160152372,0.04844290657439446,0.1819080573405833,1.0,1.0,1.0,1.0,1.0,0.0,3947.1949612727785,6.0,5.0,1.0,0.0,99.36233448138768,52.1250163489018,52.1250163489018
3.5,4.5,150.0,29.054604099077146,67.87078905973043,center,105.14108858329189,58.19814831134916,87.41429064600861,0.052235057759919636,0.17327975891511804,1.0,1.0,1.0,1.0,1.0,0.0,9010.428862739116,4.0,5.5,1.0,0.0,99.36233448138768,52.1250163489018,52.1250163489018
3.5,4.5,150.0,29.054604099077146,67.87078905973043,center,96.29932995342644,53.18212763342942,80.49681118204515,0.052290836653386456,0.17778884462151395,1.0,1.0,1.0,1.0,1.0,0.0,2749.5571023802504,11.0,6.0,1.0,0.0,99.36233448138768,52.1250163489018,52.1250163489018
3.5,4.5,150.0,29.054604099077146,67.87078905973043,center,94.93272939273615,52.0394428093562,80.47599478318197,0.04671532846715328,0.181021897810219,1.0,1.0,1.0,1.0,1.0,0.0,2767.972979041887,6.0,6.5,1.0,0.0,99.36233448138768,52.1250163489018,52.1250163489018
3.5,4.5,150.0,29.054604099077146,67.87078905973043,center,96.96422961341207,58.911413601201964,76.82594691319828,0.05507246376811594,0.21545893719806763,1.0,1.0,1.0,1.0,1.0,0.0,11821.979961698893,8.0,7.0,1.0,0.0,99.36233448138768,52.1250163489018,52.1250163489018
3.5,4.0,150.0,32.005383208083494,63.629324047296734,center,116.63849277464884,81.08686676579957,86.51817783870025,0.06874427131072411,0.21952337305224565,1.0,1.0,1.0,1.0,1.0,0.0,22678.70514759801,11.0,3.5,1.0,0.0,93.2598224733095,48.81407483429036,48.81407483429036
3.5,4.0,150.0,32.005383208083494,63.629324047296734,center,109.69149123985746,74.69376885212975,84.95546378485233,0.06027397260273973,0.18812785388127853,1.0,1.0,1.0,1.0,1.0,0.0,13531.417281694241,10.0,4.0,1.0,0.0,93.2598224733095,48.81407483429036,48.81407483429036
3.5,4.0,150.0,32.005383208083494,63.629324047296734,center,93.29982398402552,56.90792026818614,74.83123762924195,0.056818181818181816,0.19318181818181818,1.0,1.0,1.0,1.0,1.0,0.0,3504.5839092316774,6.0,4.5,1.0,0.0,93.2598224733095,48.81407483429036,48.81407483429036
3.5,4.0,150.0,32.005383208083494,63.629324047296734,center,130.87299818627451,78.03353603893464,108.1397150316184,0.052037309769268535,0.18900343642611683,1.0,1.0,1.0,1.0,1.0,0.0,20184.835180788334,6.0,5.0,1.0,0.0,93.2598224733095,48.81407483429036,48.81407483429036
3.5,4.0,150.0,32.005383208083494,63.629324047296734,center,106.87722676169095,65.36487138233483,89.48474045074302,0.047549019607843135,0.15931372549019607,1.0,1.0,1.0,1.0,1.0,0.0,7952.708452374692,9.0,5.5,1.0,0.0,93.2598224733095,48.81407483429036,48.81407483429036
3.5,4.0,150.0,32.005383208083494,63.629324047296734,center,143.38070043406503,93.84120929727739,110.982248860275,0.05110565110565111,0.15085995085995085,1.0,1.0,1.0,1.0,1.0,0.0,34547.49178463074,8.0,6.0,1.0,0.0,93.2598224733095,48.81407483429036,48.81407483429036
3.5,4.0,150.0,32.005383208083494,63.629324047296734,center,108.41859760935266,68.1096375181813,87.73696579056136,0.06377799415774099,0.18792599805258034,1.0,1.0,1.0,1.0,1.0,0.0,10621.591178123002,4.0,6.5,1.0,0.0,93.2598224733095,48.81407483429036,48.81407483429036
3.5,4.0,150.0,32.005383208083494,63.629324047296734,center,131.29183535738326,88.2664823683353,99.08720160911298,0.04527750730282376,0.1611489776046738,1.0,1.0,1.0,1.0,1.0,0.0,34325.135463487546,8.0,7.0,1.0,0.0,93.2598224733095,48.81407483429036,48.81407483429036
3.0,4.5,150.0,23.962488974578182,73.19647780794178,center,110.59222404576599,64.20944820847834,92.61914021608621,0.050597976080956765,0.17893284268629256,1.0,1.0,1.0,1.0,1.0,0.0,8427.51312923823,9.0,3.5,1.0,0.0,106.9695684757849,56.309932474020215,56.309932474020215
3.0,4.5,150.0,23.962488974578182,73.19647780794178,center,136.6820407499757,81.59521893378513,117.39812123331818,0.037530864197530864,0.12098765432098765,1.0,1.0,1.0,1.0,1.0,0.0,17013.572534082195,8.0,4.0,1.0,0.0,106.9695684757849,56.30993247402022,56.30993247402022
3.0,4.5,150.0,23.962488974578182,73.19647780794178,center,124.97298658993488,71.61269729106989,103.81269769167636,0.04567779960707269,0.1581532416502947,1.0,1.0,1.0,1.0,1.0,0.0,15764.837997577179,6.0,4.5,1.0,0.0,106.9695684757849,56.30993247402022,56.30993247402022
3.0,4.5,150.0,23.962488974578182,73.19647780794178,center,140.95170620658288,83.39972387773719,119.65913782644526,0.05114466634193863,0.15781782756941062,1.0,1.0,1.0,1.0,1.0,0.0,29624.035527713502,7.0,5.0,1.0,0.0,106.9695684757849,56.30993247402022,56.30993247402022
3.0,4.5,150.0,23.962488974578182,73.19647780794178,center,134.05516833568814,78.92276610351497,110.42158958836684,0.04140282513395031,0.14612761811982464,1.0,1.0,1.0,1.0,1.0,0.0,22916.324876622104,7.0,5.5,1.0,0.0,106.9695684757849,56.30993247402022,56.30993247402022
3.0,4.5,150.0,23.962488974578182,73.19647780794178,center,115.91597215551792,67.62868835271738,98.39452624972603,0.038929440389294405,0.14987834549878346,1.0,1.0,1.0,1.0,1.0,0.0,14779.138744378964,8.0,6.0,1.0,0.0,106.9695684757849,56.309932474020215,56.309932474020215
3.0,4.5,150.0,23.962488974578182,73.19647780794178,center,95.24652848129185,55.90516854016257,75.28447179544737,0.05693430656934306,0.18588807785888078,1.0,1.0,1.0,1.0,1.0,0.0,4092.2321826758657,9.0,6.5,1.0,0.0,106.9695684757849,56.30993247402022,56.30993247402022
3.0,4.5,150.0,23.962488974578182,73.19647780794178,center,99.17252949174468,50.487943647000336,84.2811319930625,0.041222788327929596,0.15006947660954145,1.0,1.0,1.0,1.0,1.0,0.0,2241.179442940889,9.0,7.0,1.0,0.0,106.9695684757849,56.309932474020215,56.309932474020215
3.0,4.5,180.0,23.962488974578182,75.07990996536029,center,143.41772295740302,94.27275966788696,118.67211723279102,0.05925925925925926,0.16246913580246913,1.0,1.0,1.0,1.0,1.0,0.0,42406.81660666015,7.0,3.5,1.0,0.0,112.61986494804043,56.309932474020215,56.309932474020215
3.0,4.5,180.0,23.962488974578182,75.0799099653603,center,116.877447711118,76.68389037657651,94.30830122380696,0.04221894943544428,0.163966617574865,1.0,1.0,1.0,1.0,1.0,0.0,16262.694444884271,7.0,4.0,1.0,0.0,112.61986494804043,56.30993247402022,56.30993247402022
3.0,4.5,180.0,23.962488974578182,75.0799099653603,center,152.65623079377124,101.47215071482378,124.85591909506286,0.05853418593212002,0.17166748647319233,1.0,1.0,1.0,1.0,1.0,0.0,45240.34282386285,6.0,4.5,1.0,0.0,112.61986494804043,56.30993247402022,56.30993247402022
3.0,4.5,180.0,23.962488974578182,75.0799099653603,center,98.14445594470794,63.72942438363441,79.19658630547994,0.06172839506172839,0.2,1.0,1.0,1.0,1.0,1.0,0.0,9181.215190386632,7.0,5.0,1.0,0.0,112.61986494804043,56.30993247402022,56.30993247402022
3.0,4.5,180.0,23.962488974578182,75.0799099653603,center,90.056770325745,58.356535265819744,70.71041904556418,0.06666666666666667,0.20493827160493827,1.0,1.0,1.0,1.0,1.0,0.0,3661.1800291388313,6.0,5.5,1.0,0.0,112.61986494804043,56.30993247402022,56.30993247402022
3.0,4.5,180.0,23.962488974578182,75.07990996536029,center,110.85076543220478,71.98547775236798,88.76261389669112,0.047407407407407405,0.15901234567901235,1.0,1.0,1.0,1.0,1.0,0.0,10287.682388379068,9.0,6.0,1.0,0.0,112.61986494804043,56.309932474020215,56.309932474020215
3.0,4.5,180.0,23.962488974578182,75.0799099653603,center,152.7397407141333,104.42704798185677,118.97592282599354,0.04411764705882353,0.15637254901960784,1.0,1.0,1.0,1.0,1.0,0.0,81043.99222802279,8.0,6.5,1.0,0.0,112.61986494804043,56.30993247402022,56.30993247402022
3.0,4.5,180.0,23.962488974578182,75.07990996536029,center,111.15937023048383,68.38183160788637,90.75446833432761,0.055501460564751706,0.18938656280428431,1.0,1.0,1.0,1.0,1.0,0.0,12427.64588074886,8.0,7.0,1.0,0.0,112.61986494804043,56.309932474020215,56.309932474020215
3.0,4.0,150.0,26.56505117707799,69.15382809012245,center,118.74823013150699,65.19838945360449,97.67271277180966,0.05522319374137138,0.1951219512195122,1.0,1.0,1.0,1.0,1.0,0.0,11766.396252152324,6.0,3.5,1.0,0.0,101.20127956205536,53.13010235415599,53.13010235415599
3.0,4.0,150.0,26.56505117707799,69.15382809012245,center,99.33742359139262,55.27922564408513,83.59476349641174,0.053260328521652564,0.1677451468392235,1.0,1.0,1.0,1.0,1.0,0.0,4405.39973236769,8.0,4.0,1.0,0.0,101.20127956205536,53.13010235415599,53.13010235415599
3.0,4.0,150.0,26.56505117707799,69.15382809012245,center,103.85583442824404,59.04365579659328,87.58416648149274,0.04518664047151277,0.17239685658153242,1.0,1.0,1.0,1.0,1.0,0.0,7736.098165107289,8.0,4.5,1.0,0.0,101.20127956205536,53.13010235415599,53.13010235415599
3.0,4.0,150.0,26.56505117707799,69.15382809012245,center,121.39256252540125,76.70344414828553,100.55326460381755,0.062157221206581355,0.18053016453382084,1.0,1.0,1.0,1.0,1.0,0.0,15187.740975431068,6.0,5.0,1.0,0.0,101.20127956205536,53.13010235415599,53.13010235415599
3.0,4.0,150.0,26.56505117707799,69.15382809012245,center,153.11306022053202,85.2898875019273,130.83784740405991,0.05116959064327485,0.1574074074074074,1.0,1.0,1.0,1.0,1.0,0.0,29615.760635849558,8.0,5.5,1.0,0.0,101.20127956205536,53.13010235415599,53.13010235415599
3.0,4.0,150.0,26.56505117707799,69.15382809012245,center,129.84479444121106,69.78264747068322,110.41632019592036,0.05784313725490196,0.17058823529411765,1.0,1.0,1.0,1.0,1.0,0.0,17740.52447528546,7.0,6.0,1.0,0.0,101.20127956205536,53.13010235415599,53.13010235415599
3.0,4.0,150.0,26.56505117707799,69.15382809012245,center,116.74435495999889,66.2240120765459,98.53605832977652,0.05655172413793103,0.17793103448275863,1.0,1.0,1.0,1.0,1.0,0.0,12453.031810586324,6.0,6.5,1.0,0.0,101.20127956205536,53.13010235415599,53.13010235415599
3.0,4.0,150.0,26.56505117707799,69.15382809012245,center,91.51520473508965,49.136973061804795,76.75438934328147,0.06113941639647985,0.19916628068550254,1.0,1.0,1.0,1.0,1.0,0.0,2491.5483546668993,8.0,7.0,1.0,0.0,101.20127956205536,53.13010235415599,53.13010235415599
4.0,4.5,180.0,33.690067525979785,64.4886142179064,center,142.05999142051158,104.52955694986139,105.89104904493318,0.0675542406311637,0.20167652859960553,1.0,1.0,1.0,1.0,1.0,0.0,66477.53589609872,9.0,3.5,1.0,0.0,96.73292132685961,48.3664606634298,48.3664606634298
4.0,4.5,180.0,33.690067525979785,64.4886142179064,center,123.50053763901944,83.21643853837439,101.79018494904165,0.0763582966226138,0.20460107684777287,1.0,1.0,1.0,1.0,1.0,0.0,31053.183784577177,6.0,4.0,1.0,0.0,96.73292132685961,48.3664606634298,48.3664606634298
4.0,4.5,180.0,33.690067525979785,64.4886142179064,center,108.65762019026943,71.28891298743775,87.69149729211136,0.07669470559129143,0.23552696684809502,1.0,1.0,1.0,1.0,1.0,0.0,13467.923188011557,7.0,4.5,1.0,0.0,96.73292132685961,48.366460663429805,48.366460663429805
4.0,4.5,180.0,33.690067525979785,64.4886142179064,center,85.52320021357592,58.635928041382655,65.42985876765196,0.08405664687071722,0.25673823663773415,1.0,1.0,1.0,1.0,1.0,0.0,4988.10587924581,7.0,5.0,1.0,0.0,96.73292132685961,48.366460663429805,48.366460663429805
4.0,4.5,180.0,33.690067525979785,64.4886142179064,center,88.37989618469453,56.40433907811162,72.07950040683724,0.08208955223880597,0.25652985074626866,1.0,1.0,1.0,1.0,1.0,0.0,4464.654799516923,5.0,5.5,1.0,0.0,96.73292132685961,48.3664606634298,48.3664606634298
4.0,4.5,180.0,33.690067525979785,64.4886142179064,center,124.21712231078521,77.13558842295723,104.95139946136781,0.057352941176470586,0.1965686274509804,1.0,1.0,1.0,1.0,1.0,0.0,18271.19244395981,8.0,6.0,1.0,0.0,96.73292132685961,48.3664606634298,48.3664606634298
4.0,4.5,180.0,33.690067525979785,64.4886142179064,center,83.75793054157634,57.336076917081,64.94122135989923,0.08141674333026679,0.250229990800368,1.0,1.0,1.0,1.0,1.0,0.0,3138.174339209616,7.0,6.5,1.0,0.0,96.73292132685961,48.366460663429805,48.366460663429805
4.0,4.5,180.0,33.690067525979785,64.4886142179064,center,101.96268278333658,68.33098863129791,82.2772495009542,0.06673161227471992,0.2196785192401364,1.0,1.0,1.0,1.0,1.0,0.0,8832.576620206471,4.0,7.0,1.0,0.0,96.73292132685961,48.3664606634298,48.3664606634298
3.5,5.0,180.0,26.56505117707799,73.34397306858845,center,102.02699025158967,61.05287960496957,84.28337708837668,0.05135802469135802,0.20641975308641974,1.0,1.0,1.0,1.0,1.0,0.0,6717.541091663889,5.0,3.5,1.0,0.0,110.01595960288267,55.00797980144133,55.00797980144133
3.5,5.0,180.0,26.56505117707799,73.34397306858845,center,142.4703032077448,95.65701162240534,112.28727555676431,0.051521099116781155,0.1800785083415113,1.0,1.0,1.0,1.0,1.0,0.0,57543.44669492265,7.0,4.0,1.0,0.0,110.01595960288267,55.00797980144134,55.00797980144134
3.5,5.0,180.0,26.56505117707799,73.34397306858845,center,123.35750739802566,85.34046665115365,94.14021582545836,0.06405529953917051,0.19907834101382488,1.0,1.0,1.0,1.0,1.0,0.0,29386.328187658102,7.0,4.5,1.0,0.0,110.01595960288267,55.00797980144134,55.00797980144134
3.5,5.0,180.0,26.56505117707799,73.34397306858845,center,88.76211258383613,58.72855114095226,69.03448173186034,0.0691515448749387,0.22658165767533103,1.0,1.0,1.0,1.0,1.0,0.0,4813.373740954117,4.0,5.0,1.0,0.0,110.01595960288267,55.00797980144134,55.00797980144134
3.5,5.0,180.0,26.56505117707799,73.34397306858845,center,132.41530588854957,88.50491662337576,101.15667140623515,0.06264185201997277,0.21697684975034046,1.0,1.0,1.0,1.0,1.0,0.0,24113.188259531,9.0,5.5,1.0,0.0,110.01595960288267,55.00797980144133,55.00797980144133
3.5,5.0,180.0,26.56505117707799,73.34397306858845,center,118.01024535170585,81.21526425309462,87.95996621090795,0.05392156862745098,0.1857843137254902,1.0,1.0,1.0,1.0,1.0,0.0,17461.92284787866,7.0,6.0,1.0,0.0,110.01595960288267,55.00797980144133,55.00797980144133
3.5,5.0,180.0,26.56505117707799,73.34397306858845,center,84.85085585530763,61.09653723127217,61.01702603116586,0.06714975845410628,0.22560386473429953,1.0,1.0,1.0,1.0,1.0,0.0,3996.772552973309,6.0,6.5,1.0,0.0,110.01595960288267,55.00797980144134,55.00797980144134
3.5,5.0,180.0,26.56505117707799,73.34397306858845,center,113.8980813810225,73.71643209553964,91.89546841551382,0.05547445255474453,0.18150851581508515,1.0,1.0,1.0,1.0,1.0,0.0,12873.374357554521,8.0,7.0,1.0,0.0,110.01595960288267,55.00797980144133,55.00797980144133
4.5,5.0,180.0,34.99202019855866,64.01705000557779,center,117.6378384370874,81.3196507585066,90.16706854171694,0.06,0.18878048780487805,1.0,1.0,1.0,1.0,1.0,0.0,22580.636383598914,8.0,3.5,1.0,0.0,96.02557500836669,48.01278750418334,48.01278750418334
4.5,5.0,180.0,34.99202019855866,64.01705000557779,center,152.10284450790766,105.78356764574555,119.55373252529117,0.05610236220472441,0.17667322834645668,1.0,1.0,1.0,1.0,1.0,0.0,38468.818371249494,6.0,4.0,1.0,0.0,96.02557500836669,48.01278750418334,48.01278750418334
4.5,5.0,180.0,34.99202019855866,64.01705000557779,center,93.66752992443645,66.57515305663956,71.28490143215869,0.07800453514739229,0.24625850340136055,1.0,1.0,1.0,1.0,1.0,0.0,10294.059566341728,12.0,4.5,1.0,0.0,96.02557500836669,48.01278750418334,48.01278750418334
4.5,5.0,180.0,34.99202019855866,64.01705000557779,center,139.92170105754522,91.48250453156378,113.93719142595978,0.050049067713444556,0.17517173699705593,1.0,1.0,1.0,1.0,1.0,0.0,39005.063388111404,5.0,5.0,1.0,0.0,96.02557500836669,48.01278750418334,48.01278750418334
4.5,5.0,180.0,34.99202019855866,64.01705000557779,center,118.14499373773279,79.67670449062527,93.28382007646861,0.05632411067193676,0.17440711462450592,1.0,1.0,1.0,1.0,1.0,0.0,12761.317973970008,6.0,5.5,1.0,0.0,96.02557500836669,48.01278750418334,48.01278750418334
4.5,5.0,180.0,34.99202019855866,64.01705000557779,center,91.40235133885908,61.80326279382264,73.16365778516841,0.07111111111111111,0.23061728395061729,1.0,1.0,1.0,1.0,1.0,0.0,4453.031299060762,8.0,6.0,1.0,0.0,96.02557500836669,48.01278750418334,48.01278750418334
4.5,5.0,180.0,34.99202019855866,64.01705000557779,center,108.58843343674276,76.09735183388928,80.7509939325689,0.0648698035632709,0.23618090452261306,1.0,1.0,1.0,1.0,1.0,0.0,13438.630465893224,8.0,6.5,1.0,0.0,96.02557500836669,48.01278750418334,48.01278750418334
4.5,5.0,180.0,34.99202019855866,64.01705000557779,center,106.5877723279164,70.94936632071037,86.88578139282892,0.07414634146341463,0.2175609756097561,1.0,1.0,1.0,1.0,1.0,0.0,9965.011964495352,6.0,7.0,1.0,0.0,96.02557500836669,48.01278750418334,48.01278750418334
2.5,3.5,150.0,23.198590513648185,70.85077026732831,center,161.74018466253395,112.37704874358417,128.6632443191951,0.03009259259259259,0.12777777777777777,1.0,1.0,1.0,1.0,1.0,0.0,74183.2430350122,10.0,3.5,1.0,0.0,103.6276663859337,54.46232220802562,54.46232220802562
2.5,3.5,150.0,23.198590513648185,70.85077026732831,center,148.9759832690792,89.74831755652654,117.28432003275205,0.0359251968503937,0.1264763779527559,1.0,1.0,1.0,1.0,1.0,0.0,28213.02353901622,10.0,4.0,1.0,0.0,103.6276663859337,54.46232220802562,54.46232220802562
2.5,3.5,150.0,23.198590513648185,70.85077026732831,center,135.05500462151824,88.67682233090082,106.40737241115124,0.039492930277913216,0.1355436372501219,1.0,1.0,1.0,1.0,1.0,0.0,23814.704004938332,9.0,4.5,1.0,0.0,103.6276663859337,54.46232220802562,54.46232220802562
2.5,3.5,150.0,23.198590513648185,70.85077026732831,center,121.76631694329963,74.08207240117261,97.58830888205756,0.034703196347031964,0.13926940639269406,1.0,1.0,1.0,1.0,1.0,0.0,16950.55080315335,9.0,5.0,1.0,0.0,103.6276663859337,54.46232220802562,54.46232220802562
2.5,3.5,150.0,23.198590513648185,70.85077026732831,center,99.16142632312375,52.48098342557734,83.11061114740495,0.03310344827586207,0.14114942528735633,1.0,1.0,1.0,1.0,1.0,0.0,2220.101000748907,8.0,5.5,1.0,0.0,103.6276663859337,54.46232220802562,54.46232220802562
2.5,3.5,150.0,23.198590513648185,70.85077026732831,center,115.93965455239865,65.57502196144596,95.94066807399203,0.04815724815724816,0.1538083538083538,1.0,1.0,1.0,1.0,1.0,0.0,7810.2601548828,8.0,6.0,1.0,0.0,103.6276663859337,54.46232220802562,54.46232220802562
2.5,3.5,150.0,23.198590513648185,70.85077026732831,center,101.8952068017612,51.879991558399105,86.82895423591935,0.05517241379310345,0.17563218390804597,1.0,1.0,1.0,1.0,1.0,0.0,3062.140111989826,9.0,6.5,1.0,0.0,103.6276663859337,54.46232220802562,54.46232220802562
2.5,3.5,150.0,23.198590513648185,70.85077026732831,center,131.06086278085078,68.66208495110921,112.8499474693673,0.03654320987654321,0.13876543209876543,1.0,1.0,1.0,1.0,1.0,0.0,12815.745145375658,9.0,7.0,1.0,0.0,103.6276663859337,54.46232220802562,54.46232220802562
3.0,3.5,150.0,29.74488129694222,64.37978596182849,center,188.02687470036028,120.58076493735858,159.84080839755035,0.04806739345887017,0.1491575817641229,1.0,1.0,1.0,1.0,1.0,0.0,75530.35357073302,5.0,3.5,1.0,0.0,94.34194717549441,49.398705354995535,49.398705354995535
3.0,3.5,150.0,29.74488129694222,64.37978596182849,center,149.88524969149844,96.53349467900911,126.05065797982118,0.04980276134122288,0.16666666666666666,1.0,1.0,1.0,1.0,1.0,0.0,53528.41421147286,9.0,4.0,1.0,0.0,94.34194717549441,49.398705354995535,49.398705354995535
3.0,3.5,150.0,29.74488129694222,64.37978596182849,center,134.26400813034206,84.15241931144398,110.54540028381156,0.04965585054080629,0.16420845624385447,1.0,1.0,1.0,1.0,1.0,0.0,22751.745890016435,7.0,4.5,1.0,0.0,94.34194717549441,49.39870535499553,49.39870535499553
3.0,3.5,150.0,29.74488129694222,64.37978596182849,center,101.43107948325515,58.43110643637944,83.83313408497588,0.04933759707629054,0.15989036089538602,1.0,1.0,1.0,1.0,1.0,0.0,4372.843412676825,5.0,5.0,1.0,0.0,94.34194717549441,49.39870535499553,49.39870535499553
3.0,3.5,150.0,29.74488129694222,64.37978596182849,center,137.65236714821702,79.58686026463565,115.4173255479669,0.06301747930082796,0.1844526218951242,1.0,1.0,1.0,1.0,1.0,0.0,20944.02615907545,9.0,5.5,1.0,0.0,94.34194717549441,49.398705354995535,49.398705354995535
3.0,3.5,150.0,29.74488129694222,64.37978596182849,center,86.92687417110767,51.84539866283099,68.26357860112557,0.05941043083900227,0.2072562358276644,1.0,1.0,1.0,1.0,1.0,0.0,2800.5822321373803,7.0,6.0,1.0,0.0,94.34194717549441,49.398705354995535,49.398705354995535
3.0,3.5,150.0,29.74488129694222,64.37978596182849,center,130.23344954323917,78.69576157347545,106.45229104567255,0.05756052992233897,0.1804476930105071,1.0,1.0,1.0,1.0,1.0,0.0,32231.011672729288,3.0,6.5,1.0,0.0,94.34194717549441,49.39870535499553,49.39870535499553
3.0,3.5,150.0,29.74488129694222,64.37978596182849,center,106.45058593418395,65.67653228953183,86.06683043396717,0.03881278538812785,0.17168949771689498,1.0,1.0,1.0,1.0,1.0,0.0,10619.646798006825,8.0,7.0,1.0,0.0,94.34194717549441,49.398705354995535,49.398705354995535
